SET NAMES utf8;
SET time_zone = '+00:00';
SET foreign_key_checks = 0;
SET sql_mode = 'NO_AUTO_VALUE_ON_ZERO';

SET NAMES utf8mb4;

DROP TABLE IF EXISTS `t_data_searches`;
CREATE TABLE `t_data_searches` (
  `idDataSearch` smallint(5) unsigned NOT NULL AUTO_INCREMENT,
  `schema` varchar(50) COLLATE utf8mb4_unicode_ci NOT NULL DEFAULT '',
  `tableView` varchar(50) COLLATE utf8mb4_unicode_ci NOT NULL DEFAULT '',
  `sectionName` varchar(50) COLLATE utf8mb4_unicode_ci NOT NULL DEFAULT '',
  `title` varchar(100) COLLATE utf8mb4_unicode_ci NOT NULL DEFAULT '',
  `sortField` smallint(5) unsigned NOT NULL DEFAULT '0',
  `idCreator` mediumint(8) unsigned NOT NULL DEFAULT '1',
  `created` timestamp NOT NULL DEFAULT CURRENT_TIMESTAMP,
  `idModifier` mediumint(8) unsigned DEFAULT NULL,
  `modified` timestamp NULL DEFAULT NULL,
  PRIMARY KEY (`idDataSearch`),
  KEY `sortField` (`sortField`),
  KEY `idCreator` (`idCreator`),
  KEY `idModifier` (`idModifier`)
) ENGINE=InnoDB DEFAULT CHARSET=utf8mb4 COLLATE=utf8mb4_unicode_ci;


DROP TABLE IF EXISTS `t_data_searches_allowed`;
CREATE TABLE `t_data_searches_allowed` (
  `idDataSearchAllowed` smallint(5) unsigned NOT NULL AUTO_INCREMENT,
  `idDataSearch` smallint(5) unsigned NOT NULL DEFAULT '0',
  `idAllowed` smallint(5) unsigned NOT NULL DEFAULT '0',
  `app` varchar(10) COLLATE utf8mb4_unicode_ci NOT NULL DEFAULT '',
  `idCreator` mediumint(8) unsigned NOT NULL DEFAULT '1',
  `created` timestamp NOT NULL DEFAULT CURRENT_TIMESTAMP,
  PRIMARY KEY (`idDataSearchAllowed`),
  KEY `idDataSearch` (`idDataSearch`),
  KEY `idAllowed` (`idAllowed`),
  KEY `app` (`app`),
  KEY `idCreator` (`idCreator`),
  CONSTRAINT `t_data_searches_allowed_ibfk_1` FOREIGN KEY (`idDataSearch`) REFERENCES `t_data_searches` (`idDataSearch`) ON DELETE CASCADE ON UPDATE CASCADE
) ENGINE=InnoDB DEFAULT CHARSET=utf8mb4 COLLATE=utf8mb4_unicode_ci;


DROP TABLE IF EXISTS `t_dossier`;
CREATE TABLE `t_dossier` (
  `idDossier` int(10) unsigned NOT NULL AUTO_INCREMENT,
  `idDossierCompany` int(10) unsigned NOT NULL,
  `idDossierType` int(10) unsigned NOT NULL,
  `dossierTitle` varchar(10) COLLATE utf8mb4_unicode_ci NOT NULL,
  `idCreator` mediumint(8) unsigned NOT NULL DEFAULT '1',
  `created` timestamp NOT NULL DEFAULT CURRENT_TIMESTAMP,
  `idModifier` mediumint(8) unsigned DEFAULT NULL,
  `modified` timestamp NULL DEFAULT NULL,
  `deleted` timestamp NULL DEFAULT NULL,
  PRIMARY KEY (`idDossier`),
  KEY `idDossierCompany` (`idDossierCompany`),
  KEY `idDossierType` (`idDossierType`),
  KEY `idCreator` (`idCreator`),
  KEY `idModifier` (`idModifier`),
  KEY `deleted` (`deleted`)
) ENGINE=InnoDB DEFAULT CHARSET=utf8mb4 COLLATE=utf8mb4_unicode_ci;


DROP TABLE IF EXISTS `t_dossier_types`;
CREATE TABLE `t_dossier_types` (
  `idDossierType` int(10) unsigned NOT NULL AUTO_INCREMENT,
  `idDossierCompany` int(10) unsigned NOT NULL,
  `dossierType` varchar(20) COLLATE utf8mb4_unicode_ci NOT NULL,
  `idCreator` mediumint(8) unsigned NOT NULL DEFAULT '1',
  `created` timestamp NOT NULL DEFAULT CURRENT_TIMESTAMP,
  `idModifier` mediumint(8) unsigned DEFAULT NULL,
  `modified` timestamp NULL DEFAULT NULL,
  `deleted` timestamp NULL DEFAULT NULL,
  PRIMARY KEY (`idDossierType`),
  KEY `idDossierCompany` (`idDossierCompany`),
  KEY `idCreator` (`idCreator`),
  KEY `idModifier` (`idModifier`),
  KEY `deleted` (`deleted`)
) ENGINE=InnoDB DEFAULT CHARSET=utf8mb4 COLLATE=utf8mb4_unicode_ci;


DROP TABLE IF EXISTS `t_dossier_users`;
CREATE TABLE `t_dossier_users` (
  `idDossierUser` int(10) unsigned NOT NULL AUTO_INCREMENT,
  `idDossier` int(10) unsigned NOT NULL,
  `idUser` int(10) unsigned NOT NULL,
  `idCreator` mediumint(8) unsigned NOT NULL DEFAULT '1',
  `created` timestamp NOT NULL DEFAULT CURRENT_TIMESTAMP,
  `idModifier` mediumint(8) unsigned DEFAULT NULL,
  `modified` timestamp NULL DEFAULT NULL,
  `deleted` timestamp NULL DEFAULT NULL,
  PRIMARY KEY (`idDossierUser`),
  KEY `idDossier` (`idDossier`),
  KEY `idCreator` (`idCreator`),
  KEY `idModifier` (`idModifier`),
  KEY `deleted` (`deleted`)
) ENGINE=InnoDB DEFAULT CHARSET=utf8mb4 COLLATE=utf8mb4_unicode_ci;


DROP TABLE IF EXISTS `t_geo08_address`;
CREATE TABLE `t_geo08_address` (
  `idAddress` int(10) unsigned NOT NULL DEFAULT '0',
  `idZone` int(10) unsigned NOT NULL DEFAULT '0',
  `idCity` int(10) unsigned NOT NULL DEFAULT '0',
  `idPoste` int(10) unsigned NOT NULL DEFAULT '0',
  `postalCode` char(5) COLLATE utf8mb4_unicode_ci NOT NULL DEFAULT '',
  `addressType` char(25) COLLATE utf8mb4_unicode_ci NOT NULL DEFAULT '',
  `addressPrefix` char(25) COLLATE utf8mb4_unicode_ci NOT NULL DEFAULT '',
  `address` char(50) COLLATE utf8mb4_unicode_ci NOT NULL DEFAULT '',
  `officialName` char(50) COLLATE utf8mb4_unicode_ci NOT NULL DEFAULT '',
  `idMain` int(10) unsigned NOT NULL DEFAULT '0',
  `idCreator` mediumint(8) unsigned NOT NULL DEFAULT '1',
  `created` timestamp NOT NULL DEFAULT CURRENT_TIMESTAMP,
  `idModifier` mediumint(8) unsigned DEFAULT NULL,
  `modified` timestamp NULL DEFAULT NULL,
  PRIMARY KEY (`idAddress`,`idZone`),
  KEY `idCity` (`idCity`),
  KEY `idPoste` (`idPoste`),
  KEY `addressType` (`addressType`),
  KEY `addressPrefix` (`addressPrefix`),
  KEY `address` (`address`),
  KEY `officialName` (`officialName`),
  KEY `idCreator` (`idCreator`),
  KEY `idModifier` (`idModifier`),
  CONSTRAINT `t_geo08_address_ibfk_1` FOREIGN KEY (`idCity`) REFERENCES `t_geo14_city` (`IdCity`)
) ENGINE=InnoDB DEFAULT CHARSET=utf8mb4 COLLATE=utf8mb4_unicode_ci;


DROP TABLE IF EXISTS `t_geo08_address_numbers`;
CREATE TABLE `t_geo08_address_numbers` (
  `idArc` int(10) unsigned NOT NULL DEFAULT '0',
  `idAddress` int(10) unsigned NOT NULL DEFAULT '0',
  `idZone` int(10) unsigned NOT NULL DEFAULT '0',
  `parity` char(1) COLLATE utf8mb4_unicode_ci NOT NULL DEFAULT '',
  `numberFrom` char(5) COLLATE utf8mb4_unicode_ci NOT NULL DEFAULT '',
  `esponentFrom` char(3) COLLATE utf8mb4_unicode_ci NOT NULL DEFAULT '',
  `numberTo` char(5) COLLATE utf8mb4_unicode_ci NOT NULL DEFAULT '',
  `esponentTo` char(3) COLLATE utf8mb4_unicode_ci NOT NULL DEFAULT '',
  `color` char(1) COLLATE utf8mb4_unicode_ci NOT NULL DEFAULT '',
  `postalCode` char(5) COLLATE utf8mb4_unicode_ci NOT NULL DEFAULT '',
  `idCreator` mediumint(8) unsigned NOT NULL DEFAULT '1',
  `created` timestamp NOT NULL DEFAULT CURRENT_TIMESTAMP,
  `idModifier` mediumint(8) unsigned DEFAULT NULL,
  `modified` timestamp NULL DEFAULT NULL,
  PRIMARY KEY (`idArc`),
  KEY `idAddress` (`idAddress`),
  KEY `idZone` (`idZone`),
  KEY `idCreator` (`idCreator`),
  KEY `idModifier` (`idModifier`)
) ENGINE=InnoDB DEFAULT CHARSET=utf8mb4 COLLATE=utf8mb4_unicode_ci;


DROP TABLE IF EXISTS `t_geo14_city`;
CREATE TABLE `t_geo14_city` (
  `idCity` int(10) unsigned NOT NULL AUTO_INCREMENT,
  `idCityParent` int(10) unsigned NOT NULL DEFAULT '0',
  `capOld` char(5) COLLATE utf8mb4_unicode_ci NOT NULL DEFAULT '',
  `cap` char(5) COLLATE utf8mb4_unicode_ci NOT NULL DEFAULT '',
  `city` char(40) COLLATE utf8mb4_unicode_ci NOT NULL DEFAULT '',
  `cityMAV` char(22) COLLATE utf8mb4_unicode_ci DEFAULT NULL,
  `province` char(2) COLLATE utf8mb4_unicode_ci NOT NULL DEFAULT '',
  `idProvince` int(10) unsigned NOT NULL DEFAULT '0',
  `district` char(4) COLLATE utf8mb4_unicode_ci NOT NULL DEFAULT '',
  `belfioreCode` char(4) COLLATE utf8mb4_unicode_ci NOT NULL DEFAULT '',
  `idCityBI` int(10) unsigned NOT NULL DEFAULT '0',
  `cityCab` mediumint(8) unsigned NOT NULL DEFAULT '0',
  `istatCodeRegion` char(2) COLLATE utf8mb4_unicode_ci NOT NULL DEFAULT '',
  `istatCodeProvincia` char(3) COLLATE utf8mb4_unicode_ci NOT NULL DEFAULT '',
  `istatCodeCity` char(6) COLLATE utf8mb4_unicode_ci NOT NULL DEFAULT '',
  `istatCode` char(8) COLLATE utf8mb4_unicode_ci NOT NULL DEFAULT '',
  `ipaCode` char(10) COLLATE utf8mb4_unicode_ci NOT NULL DEFAULT '',
  `webSito` char(100) COLLATE utf8mb4_unicode_ci NOT NULL DEFAULT '',
  `notes` char(50) COLLATE utf8mb4_unicode_ci NOT NULL DEFAULT '',
  `german` char(60) COLLATE utf8mb4_unicode_ci NOT NULL DEFAULT '',
  `altitudeMeters` smallint(5) unsigned NOT NULL DEFAULT '0',
  `areaKmq` double(7,2) unsigned NOT NULL DEFAULT '0.00',
  `population2010` bigint(20) unsigned NOT NULL DEFAULT '0',
  `sortField` smallint(5) unsigned NOT NULL DEFAULT '1',
  `idCreator` mediumint(8) unsigned NOT NULL DEFAULT '1',
  `created` timestamp NOT NULL DEFAULT CURRENT_TIMESTAMP,
  `idModifier` mediumint(8) unsigned DEFAULT NULL,
  `modified` timestamp NULL DEFAULT NULL,
  `deleted` timestamp NULL DEFAULT NULL,
  PRIMARY KEY (`idCity`),
  KEY `idCityParent` (`idCityParent`),
  KEY `idProvince` (`idProvince`),
  KEY `capOld` (`capOld`),
  KEY `cap` (`cap`),
  KEY `city` (`city`),
  KEY `province` (`province`),
  KEY `belfioreCode` (`belfioreCode`),
  KEY `ipaCode` (`ipaCode`),
  KEY `sortField` (`sortField`),
  KEY `idCreator` (`idCreator`),
  KEY `idModifier` (`idModifier`),
  KEY `deleted` (`deleted`),
  CONSTRAINT `t_geo14_city_ibfk_1` FOREIGN KEY (`idProvince`) REFERENCES `t_geo20_province` (`IdProvince`)
) ENGINE=InnoDB DEFAULT CHARSET=utf8mb4 COLLATE=utf8mb4_unicode_ci;


DROP TABLE IF EXISTS `t_geo16_cities_ipa`;
CREATE TABLE `t_geo16_cities_ipa` (
  `idIPA` int(10) unsigned NOT NULL AUTO_INCREMENT,
  `ipaCode` varchar(10) COLLATE utf8mb4_unicode_ci NOT NULL DEFAULT '',
  `description` varchar(100) COLLATE utf8mb4_unicode_ci NOT NULL DEFAULT '',
  `city` varchar(60) COLLATE utf8mb4_unicode_ci NOT NULL DEFAULT '',
  `postalCode` varchar(5) COLLATE utf8mb4_unicode_ci NOT NULL DEFAULT '',
  `province` char(2) COLLATE utf8mb4_unicode_ci NOT NULL DEFAULT '',
  `region` varchar(30) COLLATE utf8mb4_unicode_ci NOT NULL DEFAULT '',
  `address` varchar(100) COLLATE utf8mb4_unicode_ci NOT NULL DEFAULT '',
  `fiscalCodeCheck` char(1) COLLATE utf8mb4_unicode_ci NOT NULL DEFAULT '',
  `fiscalCode` varchar(16) COLLATE utf8mb4_unicode_ci NOT NULL DEFAULT '',
  `emailType` varchar(10) COLLATE utf8mb4_unicode_ci NOT NULL DEFAULT '',
  `email` varchar(100) COLLATE utf8mb4_unicode_ci NOT NULL DEFAULT '',
  `responsibleTitle` varchar(100) COLLATE utf8mb4_unicode_ci NOT NULL DEFAULT '',
  `responsibleFirstName` varchar(40) COLLATE utf8mb4_unicode_ci NOT NULL DEFAULT '',
  `responsibleLastName` varchar(40) COLLATE utf8mb4_unicode_ci NOT NULL DEFAULT '',
  `facebook` varchar(150) COLLATE utf8mb4_unicode_ci NOT NULL DEFAULT '',
  `googlePlus` varchar(150) COLLATE utf8mb4_unicode_ci NOT NULL DEFAULT '',
  `twitter` varchar(100) COLLATE utf8mb4_unicode_ci NOT NULL DEFAULT '',
  `webSite` varchar(100) COLLATE utf8mb4_unicode_ci NOT NULL DEFAULT '',
  `youtube` varchar(100) COLLATE utf8mb4_unicode_ci NOT NULL DEFAULT '',
  `idCreator` mediumint(8) unsigned NOT NULL DEFAULT '1',
  `created` timestamp NOT NULL DEFAULT CURRENT_TIMESTAMP,
  `idModifier` mediumint(8) unsigned DEFAULT NULL,
  `modified` timestamp NULL DEFAULT NULL,
  PRIMARY KEY (`idIPA`),
  KEY `ipaCode` (`ipaCode`),
  KEY `description` (`description`),
  KEY `city` (`city`),
  KEY `postalCode` (`postalCode`),
  KEY `province` (`province`),
  KEY `idCreator` (`idCreator`),
  KEY `idModifier` (`idModifier`)
) ENGINE=InnoDB DEFAULT CHARSET=utf8mb4 COLLATE=utf8mb4_unicode_ci;


DROP TABLE IF EXISTS `t_geo20_province`;
CREATE TABLE `t_geo20_province` (
  `idProvince` int(10) unsigned NOT NULL AUTO_INCREMENT,
  `province` varchar(50) COLLATE utf8mb4_unicode_ci NOT NULL DEFAULT '',
  `idRegion` smallint(5) unsigned NOT NULL DEFAULT '0',
  `twoLetterCode` char(2) COLLATE utf8mb4_unicode_ci NOT NULL DEFAULT '',
  `threeLetterCode` char(3) COLLATE utf8mb4_unicode_ci NOT NULL DEFAULT '',
  `ivaCode` char(3) COLLATE utf8mb4_unicode_ci NOT NULL DEFAULT '',
  `nuts` varchar(5) COLLATE utf8mb4_unicode_ci NOT NULL DEFAULT '',
  `wiki` varchar(255) COLLATE utf8mb4_unicode_ci DEFAULT NULL,
  `externalSite01` varchar(255) COLLATE utf8mb4_unicode_ci DEFAULT NULL,
  `start` timestamp NULL DEFAULT NULL,
  `end` timestamp NULL DEFAULT NULL,
  `sortField` smallint(5) unsigned NOT NULL DEFAULT '1',
  `idCreator` mediumint(8) unsigned NOT NULL DEFAULT '1',
  `created` timestamp NOT NULL DEFAULT CURRENT_TIMESTAMP,
  `idModifier` mediumint(8) unsigned DEFAULT NULL,
  `modified` timestamp NULL DEFAULT NULL,
  `deleted` timestamp NULL DEFAULT NULL,
  PRIMARY KEY (`idProvince`),
  KEY `province` (`province`),
  KEY `idRegion` (`idRegion`),
  KEY `sortField` (`sortField`),
  KEY `idCreator` (`idCreator`),
  KEY `idModifier` (`idModifier`),
  KEY `deleted` (`deleted`),
  CONSTRAINT `t_geo20_province_ibfk_1` FOREIGN KEY (`idRegion`) REFERENCES `t_geo24_region` (`IdRegion`)
) ENGINE=InnoDB DEFAULT CHARSET=utf8mb4 COLLATE=utf8mb4_unicode_ci;

INSERT INTO `t_geo20_province` (`idProvince`, `province`, `idRegion`, `twoLetterCode`, `threeLetterCode`, `ivaCode`, `nuts`, `wiki`, `externalSite01`, `start`, `end`, `sortField`, `idCreator`, `created`, `idModifier`, `modified`, `deleted`) VALUES
(110,	'Alessandria',	11,	'AL',	'',	'006',	'ITC18',	NULL,	NULL,	NULL,	NULL,	0,	1,	'2017-01-01 00:00:00',	NULL,	NULL,	NULL),
(111,	'Asti',	11,	'AT',	'',	'005',	'ITC17',	NULL,	NULL,	NULL,	NULL,	0,	1,	'2017-01-01 00:00:00',	NULL,	NULL,	NULL),
(112,	'Cuneo',	11,	'CN',	'',	'004',	'ITC16',	NULL,	NULL,	NULL,	NULL,	0,	1,	'2017-01-01 00:00:00',	NULL,	NULL,	NULL),
(113,	'Novara',	11,	'NO',	'',	'003',	'ITC15',	NULL,	NULL,	NULL,	NULL,	0,	1,	'2017-01-01 00:00:00',	NULL,	NULL,	NULL),
(114,	'Torino',	11,	'TO',	'',	'001',	'ITC11',	NULL,	NULL,	NULL,	NULL,	0,	1,	'2017-01-01 00:00:00',	NULL,	NULL,	NULL),
(115,	'Vercelli',	11,	'VC',	'',	'002',	'ITC12',	NULL,	NULL,	NULL,	NULL,	0,	1,	'2017-01-01 00:00:00',	NULL,	NULL,	NULL),
(116,	'Biella',	11,	'BI',	'',	'096',	'ITC13',	NULL,	NULL,	NULL,	NULL,	0,	1,	'2017-01-01 00:00:00',	NULL,	NULL,	NULL),
(117,	'Verbano-Cusio-Ossola',	11,	'VB',	'',	'103',	'ITC14',	NULL,	NULL,	NULL,	NULL,	0,	1,	'2017-01-01 00:00:00',	NULL,	NULL,	NULL),
(120,	'Valle d\'Aosta',	12,	'AO',	'',	'007',	'ITC20',	NULL,	NULL,	NULL,	NULL,	0,	1,	'2017-01-01 00:00:00',	NULL,	NULL,	NULL),
(128,	'Lecco',	13,	'LC',	'',	'097',	'ITC43',	NULL,	NULL,	NULL,	NULL,	0,	1,	'2017-01-01 00:00:00',	NULL,	NULL,	NULL),
(129,	'Lodi',	13,	'LO',	'',	'098',	'ITC49',	NULL,	NULL,	NULL,	NULL,	0,	1,	'2017-01-01 00:00:00',	NULL,	NULL,	NULL),
(130,	'Bergamo',	13,	'BG',	'',	'016',	'ITC46',	NULL,	NULL,	NULL,	NULL,	0,	1,	'2017-01-01 00:00:00',	NULL,	NULL,	NULL),
(131,	'Brescia',	13,	'BS',	'',	'017',	'ITC47',	NULL,	NULL,	NULL,	NULL,	0,	1,	'2017-01-01 00:00:00',	NULL,	NULL,	NULL),
(132,	'Como',	13,	'CO',	'',	'013',	'ITC42',	NULL,	NULL,	NULL,	NULL,	0,	1,	'2017-01-01 00:00:00',	NULL,	NULL,	NULL),
(133,	'Cremona',	13,	'CR',	'',	'019',	'ITC4A',	NULL,	NULL,	NULL,	NULL,	0,	1,	'2017-01-01 00:00:00',	NULL,	NULL,	NULL),
(134,	'Mantova',	13,	'MN',	'',	'020',	'ITC4B',	NULL,	NULL,	NULL,	NULL,	0,	1,	'2017-01-01 00:00:00',	NULL,	NULL,	NULL),
(135,	'Milano',	13,	'MI',	'',	'015',	'ITC4C',	NULL,	NULL,	NULL,	NULL,	0,	1,	'2017-01-01 00:00:00',	NULL,	NULL,	NULL),
(136,	'Pavia',	13,	'PV',	'',	'018',	'ITC48',	NULL,	NULL,	NULL,	NULL,	0,	1,	'2017-01-01 00:00:00',	NULL,	NULL,	NULL),
(137,	'Sondrio',	13,	'SO',	'',	'014',	'ITC44',	NULL,	NULL,	NULL,	NULL,	0,	1,	'2017-01-01 00:00:00',	NULL,	NULL,	NULL),
(138,	'Varese',	13,	'VA',	'',	'012',	'ITC41',	NULL,	NULL,	NULL,	NULL,	0,	1,	'2017-01-01 00:00:00',	NULL,	NULL,	NULL),
(139,	'Monza e della Brianza',	13,	'MB',	'',	'108',	'ITC4D',	NULL,	NULL,	NULL,	NULL,	0,	1,	'2017-01-01 00:00:00',	NULL,	NULL,	NULL),
(140,	'Genova',	14,	'GE',	'',	'010',	'ITC33',	NULL,	NULL,	NULL,	NULL,	0,	1,	'2017-01-01 00:00:00',	NULL,	NULL,	NULL),
(141,	'Imperia',	14,	'IM',	'',	'008',	'ITC31',	NULL,	NULL,	NULL,	NULL,	0,	1,	'2017-01-01 00:00:00',	NULL,	NULL,	NULL),
(142,	'La Spezia',	14,	'SP',	'',	'011',	'ITC34',	NULL,	NULL,	NULL,	NULL,	0,	1,	'2017-01-01 00:00:00',	NULL,	NULL,	NULL),
(143,	'Savona',	14,	'SV',	'',	'009',	'ITC32',	NULL,	NULL,	NULL,	NULL,	0,	1,	'2017-01-01 00:00:00',	NULL,	NULL,	NULL),
(210,	'Bolzano',	21,	'BZ',	'',	'021',	'ITH10',	NULL,	NULL,	NULL,	NULL,	0,	1,	'2017-01-01 00:00:00',	NULL,	NULL,	NULL),
(211,	'Trento',	21,	'TN',	'',	'022',	'ITH20',	NULL,	NULL,	NULL,	NULL,	0,	1,	'2017-01-01 00:00:00',	NULL,	NULL,	NULL),
(220,	'Belluno',	22,	'BL',	'',	'025',	'ITH33',	NULL,	NULL,	NULL,	NULL,	0,	1,	'2017-01-01 00:00:00',	NULL,	NULL,	NULL),
(221,	'Padova',	22,	'PD',	'',	'028',	'ITH36',	NULL,	NULL,	NULL,	NULL,	0,	1,	'2017-01-01 00:00:00',	NULL,	NULL,	NULL),
(222,	'Rovigo',	22,	'RO',	'',	'029',	'ITH37',	NULL,	NULL,	NULL,	NULL,	0,	1,	'2017-01-01 00:00:00',	NULL,	NULL,	NULL),
(223,	'Treviso',	22,	'TV',	'',	'026',	'ITH34',	NULL,	NULL,	NULL,	NULL,	0,	1,	'2017-01-01 00:00:00',	NULL,	NULL,	NULL),
(224,	'Venezia',	22,	'VE',	'',	'027',	'ITH35',	NULL,	NULL,	NULL,	NULL,	0,	1,	'2017-01-01 00:00:00',	NULL,	NULL,	NULL),
(225,	'Verona',	22,	'VR',	'',	'023',	'ITH31',	NULL,	NULL,	NULL,	NULL,	0,	1,	'2017-01-01 00:00:00',	NULL,	NULL,	NULL),
(226,	'Vicenza',	22,	'VI',	'',	'024',	'ITH32',	NULL,	NULL,	NULL,	NULL,	0,	1,	'2017-01-01 00:00:00',	NULL,	NULL,	NULL),
(230,	'Gorizia',	23,	'GO',	'',	'031',	'ITH43',	NULL,	NULL,	NULL,	NULL,	0,	1,	'2017-01-01 00:00:00',	NULL,	NULL,	NULL),
(231,	'Trieste',	23,	'TS',	'',	'032',	'ITH44',	NULL,	NULL,	NULL,	NULL,	0,	1,	'2017-01-01 00:00:00',	NULL,	NULL,	NULL),
(232,	'Udine',	23,	'UD',	'',	'030',	'ITH42',	NULL,	NULL,	NULL,	NULL,	0,	1,	'2017-01-01 00:00:00',	NULL,	NULL,	NULL),
(233,	'Pordenone',	23,	'PN',	'',	'093',	'ITH41',	NULL,	NULL,	NULL,	NULL,	0,	1,	'2017-01-01 00:00:00',	NULL,	NULL,	NULL),
(240,	'Bologna',	24,	'BO',	'',	'037',	'ITH55',	NULL,	NULL,	NULL,	NULL,	0,	1,	'2017-01-01 00:00:00',	NULL,	NULL,	NULL),
(241,	'Ferrara',	24,	'FE',	'',	'038',	'ITH56',	NULL,	NULL,	NULL,	NULL,	0,	1,	'2017-01-01 00:00:00',	NULL,	NULL,	NULL),
(242,	'Forlì-Cesena',	24,	'FC',	'',	'040',	'ITH58',	NULL,	NULL,	NULL,	NULL,	0,	1,	'2017-01-01 00:00:00',	NULL,	NULL,	NULL),
(243,	'Modena',	24,	'MO',	'',	'036',	'ITH54',	NULL,	NULL,	NULL,	NULL,	0,	1,	'2017-01-01 00:00:00',	NULL,	NULL,	NULL),
(244,	'Parma',	24,	'PR',	'',	'034',	'ITH52',	NULL,	NULL,	NULL,	NULL,	0,	1,	'2017-01-01 00:00:00',	NULL,	NULL,	NULL),
(245,	'Piacenza',	24,	'PC',	'',	'033',	'ITH51',	NULL,	NULL,	NULL,	NULL,	0,	1,	'2017-01-01 00:00:00',	NULL,	NULL,	NULL),
(246,	'Ravenna',	24,	'RA',	'',	'039',	'ITH57',	NULL,	NULL,	NULL,	NULL,	0,	1,	'2017-01-01 00:00:00',	NULL,	NULL,	NULL),
(247,	'Reggio nell\'Emilia',	24,	'RE',	'',	'035',	'ITH53',	NULL,	NULL,	NULL,	NULL,	0,	1,	'2017-01-01 00:00:00',	NULL,	NULL,	NULL),
(249,	'Rimini',	24,	'RN',	'',	'099',	'ITH59',	NULL,	NULL,	NULL,	NULL,	0,	1,	'2017-01-01 00:00:00',	NULL,	NULL,	NULL),
(310,	'Arezzo',	31,	'AR',	'',	'051',	'ITI18',	NULL,	NULL,	NULL,	NULL,	0,	1,	'2017-01-01 00:00:00',	NULL,	NULL,	NULL),
(311,	'Firenze',	31,	'FI',	'',	'048',	'ITI14',	NULL,	NULL,	NULL,	NULL,	0,	1,	'2017-01-01 00:00:00',	NULL,	NULL,	NULL),
(312,	'Grosseto',	31,	'GR',	'',	'053',	'ITI1A',	NULL,	NULL,	NULL,	NULL,	0,	1,	'2017-01-01 00:00:00',	NULL,	NULL,	NULL),
(313,	'Livorno',	31,	'LI',	'',	'049',	'ITI16',	NULL,	NULL,	NULL,	NULL,	0,	1,	'2017-01-01 00:00:00',	NULL,	NULL,	NULL),
(314,	'Lucca',	31,	'LU',	'',	'046',	'ITI12',	NULL,	NULL,	NULL,	NULL,	0,	1,	'2017-01-01 00:00:00',	NULL,	NULL,	NULL),
(315,	'Massa-Carrara',	31,	'MS',	'',	'045',	'ITI11',	NULL,	NULL,	NULL,	NULL,	0,	1,	'2017-01-01 00:00:00',	NULL,	NULL,	NULL),
(316,	'Pisa',	31,	'PI',	'',	'050',	'ITI17',	NULL,	NULL,	NULL,	NULL,	0,	1,	'2017-01-01 00:00:00',	NULL,	NULL,	NULL),
(317,	'Pistoia',	31,	'PT',	'',	'047',	'ITI13',	NULL,	NULL,	NULL,	NULL,	0,	1,	'2017-01-01 00:00:00',	NULL,	NULL,	NULL),
(318,	'Siena',	31,	'SI',	'',	'052',	'ITI19',	NULL,	NULL,	NULL,	NULL,	0,	1,	'2017-01-01 00:00:00',	NULL,	NULL,	NULL),
(319,	'Prato',	31,	'PO',	'',	'100',	'ITI15',	NULL,	NULL,	NULL,	NULL,	0,	1,	'2017-01-01 00:00:00',	NULL,	NULL,	NULL),
(320,	'Perugia',	32,	'PG',	'',	'054',	'ITI21',	NULL,	NULL,	NULL,	NULL,	0,	1,	'2017-01-01 00:00:00',	NULL,	NULL,	NULL),
(321,	'Terni',	32,	'TR',	'',	'055',	'ITI22',	NULL,	NULL,	NULL,	NULL,	0,	1,	'2017-01-01 00:00:00',	NULL,	NULL,	NULL),
(330,	'Ancona',	33,	'AN',	'',	'042',	'ITI32',	NULL,	NULL,	NULL,	NULL,	0,	1,	'2017-01-01 00:00:00',	NULL,	NULL,	NULL),
(331,	'Ascoli Piceno',	33,	'AP',	'',	'044',	'ITI34',	NULL,	NULL,	NULL,	NULL,	0,	1,	'2017-01-01 00:00:00',	NULL,	NULL,	NULL),
(332,	'Macerata',	33,	'MC',	'',	'043',	'ITI33',	NULL,	NULL,	NULL,	NULL,	0,	1,	'2017-01-01 00:00:00',	NULL,	NULL,	NULL),
(333,	'Pesaro e Urbino',	33,	'PU',	'',	'041',	'ITI21',	NULL,	NULL,	NULL,	NULL,	0,	1,	'2017-01-01 00:00:00',	NULL,	NULL,	NULL),
(334,	'Fermo',	33,	'FM',	'',	'109',	'ITI35',	NULL,	NULL,	NULL,	NULL,	0,	1,	'2017-01-01 00:00:00',	NULL,	NULL,	NULL),
(340,	'Frosinone',	34,	'FR',	'',	'060',	'ITI45',	NULL,	NULL,	NULL,	NULL,	0,	1,	'2017-01-01 00:00:00',	NULL,	NULL,	NULL),
(341,	'Latina',	34,	'LT',	'',	'059',	'ITI44',	NULL,	NULL,	NULL,	NULL,	0,	1,	'2017-01-01 00:00:00',	NULL,	NULL,	NULL),
(342,	'Rieti',	34,	'RI',	'',	'057',	'ITI42',	NULL,	NULL,	NULL,	NULL,	0,	1,	'2017-01-01 00:00:00',	NULL,	NULL,	NULL),
(343,	'Roma',	34,	'RM',	'',	'058',	'ITI43',	NULL,	NULL,	NULL,	NULL,	0,	1,	'2017-01-01 00:00:00',	NULL,	NULL,	NULL),
(344,	'Viterbo',	34,	'VT',	'',	'056',	'ITI41',	NULL,	NULL,	NULL,	NULL,	0,	1,	'2017-01-01 00:00:00',	NULL,	NULL,	NULL),
(400,	'Chieti',	40,	'CH',	'',	'069',	'ITF14',	NULL,	NULL,	NULL,	NULL,	0,	1,	'2017-01-01 00:00:00',	NULL,	NULL,	NULL),
(401,	'L\'Aquila',	40,	'AQ',	'',	'066',	'ITF11',	NULL,	NULL,	NULL,	NULL,	0,	1,	'2017-01-01 00:00:00',	NULL,	NULL,	NULL),
(402,	'Pescara',	40,	'PE',	'',	'068',	'ITF13',	NULL,	NULL,	NULL,	NULL,	0,	1,	'2017-01-01 00:00:00',	NULL,	NULL,	NULL),
(403,	'Teramo',	40,	'TE',	'',	'067',	'ITF12',	NULL,	NULL,	NULL,	NULL,	0,	1,	'2017-01-01 00:00:00',	NULL,	NULL,	NULL),
(410,	'Campobasso',	41,	'CB',	'',	'070',	'ITF22',	NULL,	NULL,	NULL,	NULL,	0,	1,	'2017-01-01 00:00:00',	NULL,	NULL,	NULL),
(411,	'Isernia',	41,	'IS',	'',	'094',	'ITF21',	NULL,	NULL,	NULL,	NULL,	0,	1,	'2017-01-01 00:00:00',	NULL,	NULL,	NULL),
(420,	'Avellino',	42,	'AV',	'',	'064',	'ITF34',	NULL,	NULL,	NULL,	NULL,	0,	1,	'2017-01-01 00:00:00',	NULL,	NULL,	NULL),
(421,	'Benevento',	42,	'BN',	'',	'062',	'ITF32',	NULL,	NULL,	NULL,	NULL,	0,	1,	'2017-01-01 00:00:00',	NULL,	NULL,	NULL),
(422,	'Caserta',	42,	'CE',	'',	'061',	'ITF31',	NULL,	NULL,	NULL,	NULL,	0,	1,	'2017-01-01 00:00:00',	NULL,	NULL,	NULL),
(423,	'Napoli',	42,	'NA',	'',	'063',	'ITF33',	NULL,	NULL,	NULL,	NULL,	0,	1,	'2017-01-01 00:00:00',	NULL,	NULL,	NULL),
(424,	'Salerno',	42,	'SA',	'',	'065',	'ITH37',	NULL,	NULL,	NULL,	NULL,	0,	1,	'2017-01-01 00:00:00',	NULL,	NULL,	NULL),
(430,	'Bari',	43,	'BA',	'',	'072',	'ITF47',	NULL,	NULL,	NULL,	NULL,	0,	1,	'2017-01-01 00:00:00',	NULL,	NULL,	NULL),
(431,	'Brindisi',	43,	'BR',	'',	'074',	'ITF44',	NULL,	NULL,	NULL,	NULL,	0,	1,	'2017-01-01 00:00:00',	NULL,	NULL,	NULL),
(432,	'Foggia',	43,	'FG',	'',	'071',	'ITF46',	NULL,	NULL,	NULL,	NULL,	0,	1,	'2017-01-01 00:00:00',	NULL,	NULL,	NULL),
(433,	'Lecce',	43,	'LE',	'',	'075',	'ITF45',	NULL,	NULL,	NULL,	NULL,	0,	1,	'2017-01-01 00:00:00',	NULL,	NULL,	NULL),
(434,	'Taranto',	43,	'TA',	'',	'073',	'ITF43',	NULL,	NULL,	NULL,	NULL,	0,	1,	'2017-01-01 00:00:00',	NULL,	NULL,	NULL),
(435,	'Barletta-Andria-Trani',	43,	'BT',	'',	'110',	'ITF48',	NULL,	NULL,	NULL,	NULL,	0,	1,	'2017-01-01 00:00:00',	NULL,	NULL,	NULL),
(440,	'Matera',	44,	'MT',	'',	'077',	'ITF52',	NULL,	NULL,	NULL,	NULL,	0,	1,	'2017-01-01 00:00:00',	NULL,	NULL,	NULL),
(441,	'Potenza',	44,	'PZ',	'',	'076',	'ITF51',	NULL,	NULL,	NULL,	NULL,	0,	1,	'2017-01-01 00:00:00',	NULL,	NULL,	NULL),
(450,	'Catanzaro',	45,	'CZ',	'',	'079',	'ITF63',	NULL,	NULL,	NULL,	NULL,	0,	1,	'2017-01-01 00:00:00',	NULL,	NULL,	NULL),
(451,	'Cosenza',	45,	'CS',	'',	'078',	'ITF61',	NULL,	NULL,	NULL,	NULL,	0,	1,	'2017-01-01 00:00:00',	NULL,	NULL,	NULL),
(452,	'Reggio di Calabria',	45,	'RC',	'',	'080',	'ITF65',	NULL,	NULL,	NULL,	NULL,	0,	1,	'2017-01-01 00:00:00',	NULL,	NULL,	NULL),
(453,	'Crotone',	45,	'KR',	'',	'101',	'ITF62',	NULL,	NULL,	NULL,	NULL,	0,	1,	'2017-01-01 00:00:00',	NULL,	NULL,	NULL),
(454,	'Vibo Valentia',	45,	'VV',	'',	'102',	'ITF64',	NULL,	NULL,	NULL,	NULL,	0,	1,	'2017-01-01 00:00:00',	NULL,	NULL,	NULL),
(510,	'Agrigento',	51,	'AG',	'',	'084',	'ITG14',	NULL,	NULL,	NULL,	NULL,	0,	1,	'2017-01-01 00:00:00',	NULL,	NULL,	NULL),
(511,	'Caltanissetta',	51,	'CL',	'',	'085',	'ITG15',	NULL,	NULL,	NULL,	NULL,	0,	1,	'2017-01-01 00:00:00',	NULL,	NULL,	NULL),
(512,	'Catania',	51,	'CT',	'',	'087',	'ITG17',	NULL,	NULL,	NULL,	NULL,	0,	1,	'2017-01-01 00:00:00',	NULL,	NULL,	NULL),
(513,	'Enna',	51,	'EN',	'',	'086',	'ITG16',	NULL,	NULL,	NULL,	NULL,	0,	1,	'2017-01-01 00:00:00',	NULL,	NULL,	NULL),
(514,	'Messina',	51,	'ME',	'',	'083',	'ITG2B',	NULL,	NULL,	NULL,	NULL,	0,	1,	'2017-01-01 00:00:00',	NULL,	NULL,	NULL),
(515,	'Palermo',	51,	'PA',	'',	'082',	'ITG12',	NULL,	NULL,	NULL,	NULL,	0,	1,	'2017-01-01 00:00:00',	NULL,	NULL,	NULL),
(516,	'Ragusa',	51,	'RG',	'',	'088',	'ITG18',	NULL,	NULL,	NULL,	NULL,	0,	1,	'2017-01-01 00:00:00',	NULL,	NULL,	NULL),
(517,	'Siracusa',	51,	'SR',	'',	'089',	'ITG19',	NULL,	NULL,	NULL,	NULL,	0,	1,	'2017-01-01 00:00:00',	NULL,	NULL,	NULL),
(518,	'Trapani',	51,	'TP',	'',	'081',	'ITG11',	NULL,	NULL,	NULL,	NULL,	0,	1,	'2017-01-01 00:00:00',	NULL,	NULL,	NULL),
(520,	'Cagliari',	52,	'CA',	'',	'092',	'ITG27',	NULL,	NULL,	NULL,	NULL,	0,	1,	'2017-01-01 00:00:00',	NULL,	NULL,	NULL),
(521,	'Nuoro',	52,	'NU',	'',	'091',	'ITG26',	NULL,	NULL,	NULL,	NULL,	0,	1,	'2017-01-01 00:00:00',	NULL,	NULL,	NULL),
(522,	'Sassari',	52,	'SS',	'',	'090',	'ITG25',	NULL,	NULL,	NULL,	NULL,	0,	1,	'2017-01-01 00:00:00',	NULL,	NULL,	NULL),
(523,	'Oristano',	52,	'OR',	'',	'095',	'ITG28',	NULL,	NULL,	NULL,	NULL,	0,	1,	'2017-01-01 00:00:00',	NULL,	NULL,	NULL),
(524,	'Olbia-Tempio',	52,	'OT',	'',	'104',	'ITG29',	NULL,	NULL,	NULL,	NULL,	0,	1,	'2017-01-01 00:00:00',	NULL,	NULL,	NULL),
(525,	'Ogliastra',	52,	'OG',	'',	'105',	'ITG2A',	NULL,	NULL,	NULL,	NULL,	0,	1,	'2017-01-01 00:00:00',	NULL,	NULL,	NULL),
(526,	'Medio Campidano',	52,	'VS',	'',	'106',	'ITG2B',	NULL,	NULL,	NULL,	NULL,	0,	1,	'2017-01-01 00:00:00',	NULL,	NULL,	NULL),
(527,	'Carbonia-Iglesias',	52,	'CI',	'',	'107',	'ITG2C',	NULL,	NULL,	NULL,	NULL,	0,	1,	'2017-01-01 00:00:00',	NULL,	NULL,	NULL),
(990,	'Estero',	99,	'EX',	'',	'',	'ITZZZ',	NULL,	NULL,	NULL,	NULL,	0,	1,	'2017-01-01 00:00:00',	NULL,	NULL,	NULL);

DROP TABLE IF EXISTS `t_geo24_region`;
CREATE TABLE `t_geo24_region` (
  `idRegion` smallint(5) unsigned NOT NULL AUTO_INCREMENT,
  `region` varchar(50) COLLATE utf8mb4_unicode_ci NOT NULL DEFAULT '',
  `district` varchar(16) COLLATE utf8mb4_unicode_ci NOT NULL DEFAULT '',
  `idNation` smallint(5) unsigned NOT NULL DEFAULT '0',
  `threeLetterCode` char(3) COLLATE utf8mb4_unicode_ci NOT NULL DEFAULT '',
  `istatCode` char(2) COLLATE utf8mb4_unicode_ci NOT NULL DEFAULT '',
  `nuts` varchar(4) COLLATE utf8mb4_unicode_ci NOT NULL DEFAULT '',
  `site` varchar(255) COLLATE utf8mb4_unicode_ci DEFAULT NULL,
  `wiki` varchar(255) COLLATE utf8mb4_unicode_ci DEFAULT NULL,
  `externalSite01` varchar(255) COLLATE utf8mb4_unicode_ci DEFAULT NULL,
  `start` timestamp NULL DEFAULT NULL,
  `end` timestamp NULL DEFAULT NULL,
  `sortField` smallint(5) unsigned NOT NULL DEFAULT '1',
  `idCreator` mediumint(8) unsigned NOT NULL DEFAULT '1',
  `created` timestamp NOT NULL DEFAULT CURRENT_TIMESTAMP,
  `idModifier` mediumint(8) unsigned DEFAULT NULL,
  `modified` timestamp NULL DEFAULT NULL,
  `deleted` timestamp NULL DEFAULT NULL,
  PRIMARY KEY (`idRegion`),
  KEY `region` (`region`),
  KEY `idNation` (`idNation`),
  KEY `sortField` (`sortField`),
  KEY `idCreator` (`idCreator`),
  KEY `idModifier` (`idModifier`),
  KEY `deleted` (`deleted`),
  CONSTRAINT `t_geo24_region_ibfk_2` FOREIGN KEY (`idNation`) REFERENCES `t_geo28_nations` (`IdNation`)
) ENGINE=InnoDB DEFAULT CHARSET=utf8mb4 COLLATE=utf8mb4_unicode_ci;

INSERT INTO `t_geo24_region` (`idRegion`, `region`, `district`, `idNation`, `threeLetterCode`, `istatCode`, `nuts`, `site`, `wiki`, `externalSite01`, `start`, `end`, `sortField`, `idCreator`, `created`, `idModifier`, `modified`, `deleted`) VALUES
(11,	'Piemonte',	'Nord-occidentale',	1,	'PMT',	'01',	'ITC1',	'http://www.regione.piemonte.it/',	'https://it.wikipedia.org/wiki/Piemonte',	'https://www.tuttitalia.it/piemonte/',	NULL,	NULL,	0,	1,	'2017-01-01 00:00:00',	NULL,	NULL,	NULL),
(12,	'Valle d\'Aosta',	'Nord-occidentale',	1,	'VAA',	'02',	'ITC2',	'http://www.regione.vda.it/',	'https://it.wikipedia.org/wiki/Valle_d\'Aosta',	'https://www.tuttitalia.it/valle-d-aosta/',	NULL,	NULL,	1,	1,	'2017-01-01 00:00:00',	NULL,	NULL,	NULL),
(13,	'Lombardia',	'Nord-occidentale',	1,	'LOM',	'03',	'ITC4',	'https://www.regione.lombardia.it/',	'https://it.wikipedia.org/wiki/Lombardia',	'https://www.tuttitalia.it/lombardia/',	NULL,	NULL,	0,	1,	'2017-01-01 00:00:00',	NULL,	NULL,	NULL),
(14,	'Liguria',	'Nord-occidentale',	1,	'LIG',	'07',	'ITC3',	'https://www.regione.liguria.it/',	'https://it.wikipedia.org/wiki/Liguria',	'https://www.tuttitalia.it/liguria/',	NULL,	NULL,	0,	1,	'2017-01-01 00:00:00',	NULL,	NULL,	NULL),
(21,	'Trentino Alto Adige',	'Nord-orientale',	1,	'TAA',	'04',	'ITH2',	'http://www.regione.taa.it/',	'https://it.wikipedia.org/wiki/Trentino-Alto_Adige',	'https://www.tuttitalia.it/trentino-alto-adige/',	NULL,	NULL,	3,	1,	'2017-01-01 00:00:00',	NULL,	NULL,	NULL),
(22,	'Veneto',	'Nord-orientale',	1,	'VEN',	'05',	'ITH3',	'https://www.regione.veneto.it/',	'https://it.wikipedia.org/wiki/Veneto',	'https://www.tuttitalia.it/veneto/',	NULL,	NULL,	0,	1,	'2017-01-01 00:00:00',	NULL,	NULL,	NULL),
(23,	'Friuli Venezia Giulia',	'Nord-orientale',	1,	'FVG',	'06',	'ITH4',	'https://www.regione.fvg.it/',	'https://it.wikipedia.org/wiki/Friuli-Venezia_Giulia',	'https://www.tuttitalia.it/friuli-venezia-giulia/',	NULL,	NULL,	0,	1,	'2017-01-01 00:00:00',	NULL,	NULL,	NULL),
(24,	'Emilia Romagna',	'Nord-orientale',	1,	'EMR',	'08',	'ITH4',	'https://www.regione.emilia-romagna.it/',	'https://it.wikipedia.org/wiki/Emilia-Romagna',	'https://www.tuttitalia.it/emilia-romagna/',	NULL,	NULL,	0,	1,	'2017-01-01 00:00:00',	NULL,	NULL,	NULL),
(31,	'Toscana',	'Centrale',	1,	'TOS',	'09',	'ITI1',	'https://www.regione.toscana.it/',	'https://it.wikipedia.org/wiki/Toscana',	'https://www.tuttitalia.it/toscana/',	NULL,	NULL,	4,	1,	'2017-01-01 00:00:00',	NULL,	NULL,	NULL),
(32,	'Umbria',	'Centrale',	1,	'UMB',	'10',	'ITI2',	'http://www.regione.umbria.it/',	'https://it.wikipedia.org/wiki/Umbria',	'https://www.tuttitalia.it/umbria/',	NULL,	NULL,	2,	1,	'2017-01-01 00:00:00',	NULL,	NULL,	NULL),
(33,	'Marche',	'Centrale',	1,	'MAR',	'11',	'ITI3',	'https://www.regione.marche.it/',	'https://it.wikipedia.org/wiki/Marche',	'https://www.tuttitalia.it/marche/',	NULL,	NULL,	0,	1,	'2017-01-01 00:00:00',	NULL,	NULL,	NULL),
(34,	'Lazio',	'Centrale',	1,	'LAZ',	'12',	'ITI4',	'https://www.regione.lazio.it/',	'https://it.wikipedia.org/wiki/Lazio',	'https://www.tuttitalia.it/lazio/',	NULL,	NULL,	0,	1,	'2017-01-01 00:00:00',	NULL,	NULL,	NULL),
(40,	'Abruzzo',	'Meridionale',	1,	'ABR',	'13',	'ITF1',	'https://www.regione.abruzzo.it/',	'https://it.wikipedia.org/wiki/Abruzzo',	'https://www.tuttitalia.it/abruzzo/',	NULL,	NULL,	0,	1,	'2017-01-01 00:00:00',	NULL,	NULL,	NULL),
(41,	'Molise',	'Meridionale',	1,	'MOL',	'14',	'ITF2',	'http://www.regione.molise.it/',	'https://it.wikipedia.org/wiki/Molise',	'https://www.tuttitalia.it/molise/',	NULL,	NULL,	0,	1,	'2017-01-01 00:00:00',	NULL,	NULL,	NULL),
(42,	'Campania',	'Meridionale',	1,	'CAM',	'15',	'ITF3',	'http://www.regione.campania.it/',	'https://it.wikipedia.org/wiki/Campania',	'https://www.tuttitalia.it/campania/',	NULL,	NULL,	0,	1,	'2017-01-01 00:00:00',	NULL,	NULL,	NULL),
(43,	'Puglia',	'Meridionale',	1,	'PUG',	'16',	'ITF4',	'http://www.regione.puglia.it/',	'https://it.wikipedia.org/wiki/Puglia',	'https://www.tuttitalia.it/puglia/',	NULL,	NULL,	0,	1,	'2017-01-01 00:00:00',	NULL,	NULL,	NULL),
(44,	'Basilicata',	'Meridionale',	1,	'BAS',	'17',	'ITF5',	'http://www.regione.basilicata.it/',	'https://it.wikipedia.org/wiki/Basilicata',	'https://www.tuttitalia.it/basilicata/',	NULL,	NULL,	0,	1,	'2017-01-01 00:00:00',	NULL,	NULL,	NULL),
(45,	'Calabria',	'Meridionale',	1,	'CAL',	'18',	'ITF6',	'http://www.regione.calabria.it/',	'https://it.wikipedia.org/wiki/Calabria',	'https://www.tuttitalia.it/calabria/',	NULL,	NULL,	0,	1,	'2017-01-01 00:00:00',	NULL,	NULL,	NULL),
(51,	'Sicilia',	'Isole',	1,	'SIC',	'19',	'ITG1',	'http://www.regione.sicilia.it/',	'https://it.wikipedia.org/wiki/Sicilia',	'https://www.tuttitalia.it/sicilia/',	NULL,	NULL,	5,	1,	'2017-01-01 00:00:00',	NULL,	NULL,	NULL),
(52,	'Sardegna',	'Isole',	1,	'SAR',	'20',	'ITG2',	'https://www.regione.sardegna.it/',	'https://it.wikipedia.org/wiki/Sardegna',	'https://www.tuttitalia.it/sardegna/',	NULL,	NULL,	0,	1,	'2017-01-01 00:00:00',	NULL,	NULL,	NULL),
(99,	'Estero',	'',	1,	'',	'',	'ITZZ',	'',	'',	'',	NULL,	NULL,	0,	1,	'2017-01-01 00:00:00',	NULL,	NULL,	NULL);

DROP TABLE IF EXISTS `t_geo28_nations`;
CREATE TABLE `t_geo28_nations` (
  `idNation` smallint(3) unsigned NOT NULL AUTO_INCREMENT,
  `idContinent` tinyint(1) unsigned DEFAULT NULL,
  `idNationParent` smallint(3) unsigned DEFAULT NULL,
  `nation` varchar(45) COLLATE utf8mb4_unicode_ci NOT NULL DEFAULT '',
  `international` varchar(45) COLLATE utf8mb4_unicode_ci NOT NULL DEFAULT '',
  `iso3166Alpha2` char(2) COLLATE utf8mb4_unicode_ci NOT NULL DEFAULT '',
  `iso3166Alpha3` char(3) COLLATE utf8mb4_unicode_ci NOT NULL DEFAULT '',
  `internetTLD` char(3) COLLATE utf8mb4_unicode_ci NOT NULL DEFAULT '',
  `belfioreCode` varchar(4) COLLATE utf8mb4_unicode_ci NOT NULL DEFAULT '',
  `areaCode` varchar(4) COLLATE utf8mb4_unicode_ci NOT NULL DEFAULT '',
  `drivingLicense` char(3) COLLATE utf8mb4_unicode_ci DEFAULT NULL,
  `licensePlate` varchar(3) COLLATE utf8mb4_unicode_ci DEFAULT NULL,
  `wiki` varchar(255) COLLATE utf8mb4_unicode_ci DEFAULT NULL,
  `externalSite01` varchar(255) COLLATE utf8mb4_unicode_ci DEFAULT NULL,
  `start` timestamp NULL DEFAULT NULL,
  `end` timestamp NULL DEFAULT NULL,
  `sortField` smallint(5) unsigned NOT NULL DEFAULT '1',
  `idCreator` mediumint(8) unsigned NOT NULL DEFAULT '1',
  `created` timestamp NOT NULL DEFAULT CURRENT_TIMESTAMP,
  `idModifier` mediumint(8) unsigned DEFAULT NULL,
  `modified` timestamp NULL DEFAULT NULL,
  `deleted` timestamp NULL DEFAULT NULL,
  PRIMARY KEY (`idNation`),
  KEY `nation` (`nation`),
  KEY `belfioreCode` (`belfioreCode`),
  KEY `sortField` (`sortField`),
  KEY `idCreator` (`idCreator`),
  KEY `idModifier` (`idModifier`),
  KEY `deleted` (`deleted`)
) ENGINE=InnoDB DEFAULT CHARSET=utf8mb4 COLLATE=utf8mb4_unicode_ci;

INSERT INTO `t_geo28_nations` (`idNation`, `idContinent`, `idNationParent`, `nation`, `international`, `iso3166Alpha2`, `iso3166Alpha3`, `internetTLD`, `belfioreCode`, `areaCode`, `drivingLicense`, `licensePlate`, `wiki`, `externalSite01`, `start`, `end`, `sortField`, `idCreator`, `created`, `idModifier`, `modified`, `deleted`) VALUES
(1,	4,	1,	'Italia',	'Italy',	'IT',	'ITA',	'.it',	'',	'+39',	'III',	'I',	'https://it.wikipedia.org/wiki/Italia',	'https://www.tuttitalia.it/italia/',	NULL,	NULL,	0,	1,	'2017-01-01 00:00:00',	NULL,	NULL,	NULL),
(2,	3,	2,	'Afghanistan',	'Afghanistan',	'AF',	'AFG',	'.af',	'Z200',	'+93',	'AFG',	'AFG',	'https://it.wikipedia.org/wiki/Afghanistan',	NULL,	NULL,	NULL,	0,	1,	'2017-01-01 00:00:00',	NULL,	NULL,	NULL),
(3,	1,	250,	'Africa Sud-ovest',	'',	'',	'',	'',	'Z300',	'+27',	NULL,	NULL,	'https://it.wikipedia.org/wiki/Namibia',	NULL,	NULL,	NULL,	0,	1,	'2017-01-01 00:00:00',	NULL,	NULL,	NULL),
(4,	4,	4,	'Albania',	'Albania',	'AL',	'ALB',	'.al',	'Z100',	'+355',	'ALB',	'AL',	'https://it.wikipedia.org/wiki/Albania',	NULL,	NULL,	NULL,	0,	1,	'2017-01-01 00:00:00',	NULL,	NULL,	NULL),
(5,	1,	5,	'Algeria',	'Algeria',	'DZ',	'DZA',	'.dz',	'Z301',	'+213',	'DZZ',	'DZ',	'https://it.wikipedia.org/wiki/Algeria',	NULL,	NULL,	NULL,	0,	1,	'2017-01-01 00:00:00',	NULL,	NULL,	NULL),
(6,	1,	227,	'Alto Volta',	'',	'',	'',	'',	'Z354',	'+226',	NULL,	NULL,	'https://it.wikipedia.org/wiki/Alto_Volta',	NULL,	NULL,	NULL,	0,	1,	'2017-01-01 00:00:00',	NULL,	NULL,	NULL),
(7,	5,	7,	'Andorra',	'Andorra',	'AD',	'AND',	'.ad',	'Z101',	'+376',	'AND',	'AND',	'https://it.wikipedia.org/wiki/Andorra',	NULL,	NULL,	NULL,	0,	1,	'2017-01-01 00:00:00',	NULL,	NULL,	NULL),
(8,	1,	8,	'Angola',	'Angola',	'AO',	'AGO',	'.ao',	'Z302',	'+244',	'ANG',	'ANG',	'https://it.wikipedia.org/wiki/Angola',	NULL,	NULL,	NULL,	0,	1,	'2017-01-01 00:00:00',	NULL,	NULL,	NULL),
(9,	6,	9,	'Antille Britanniche',	'',	'',	'',	'',	'Z500',	'',	NULL,	NULL,	'https://it.wikipedia.org/wiki/Indie_occidentali_britanniche',	NULL,	NULL,	NULL,	0,	1,	'2017-01-01 00:00:00',	NULL,	NULL,	NULL),
(10,	6,	10,	'Antille Olandesi',	'Netherlands Antilles',	'AN',	'ANT',	'',	'Z501',	'+599',	'NAD',	'NAD',	'https://it.wikipedia.org/wiki/Antille_Olandesi',	NULL,	NULL,	NULL,	0,	1,	'2017-01-01 00:00:00',	NULL,	NULL,	NULL),
(11,	3,	11,	'Arabia Saudita',	'Saudi arabia',	'SA',	'SAU',	'.sa',	'Z203',	'+966',	'ARS',	'SA',	'https://it.wikipedia.org/wiki/Arabia_Saudita',	NULL,	NULL,	NULL,	0,	1,	'2017-01-01 00:00:00',	NULL,	NULL,	NULL),
(12,	7,	12,	'Argentina',	'Argentina',	'AR',	'ARG',	'.ar',	'Z600',	'+54',	'RAG',	'RA',	'https://it.wikipedia.org/wiki/Argentina',	NULL,	NULL,	NULL,	0,	1,	'2017-01-01 00:00:00',	NULL,	NULL,	NULL),
(13,	5,	13,	'Australia',	'Australia',	'AU',	'AUS',	'.au',	'Z700',	'+61',	'AUL',	'AUS',	'https://it.wikipedia.org/wiki/Australia',	NULL,	NULL,	NULL,	0,	1,	'2017-01-01 00:00:00',	NULL,	NULL,	NULL),
(14,	4,	14,	'Austria',	'Austria',	'AT',	'AUT',	'.at',	'Z102',	'+43',	'AAA',	'A',	'https://it.wikipedia.org/wiki/Austria',	NULL,	NULL,	NULL,	0,	1,	'2017-01-01 00:00:00',	NULL,	NULL,	NULL),
(15,	6,	15,	'Bahamas',	'The bahamas',	'BS',	'BHS',	'',	'Z502',	'+1',	'BSH',	'BS',	'https://it.wikipedia.org/wiki/Bahamas',	NULL,	NULL,	NULL,	0,	1,	'2017-01-01 00:00:00',	NULL,	NULL,	NULL),
(16,	3,	16,	'Bahrein',	'Bahrain',	'BH',	'BHR',	'.bh',	'Z204',	'+973',	'BRN',	'BRN',	'https://it.wikipedia.org/wiki/Bahrein',	NULL,	NULL,	NULL,	0,	1,	'2017-01-01 00:00:00',	NULL,	NULL,	NULL),
(17,	1,	70,	'Basutoland',	'',	'',	'',	'',	'Z303',	'',	NULL,	NULL,	'https://it.wikipedia.org/wiki/Basutoland',	NULL,	NULL,	NULL,	0,	1,	'2017-01-01 00:00:00',	NULL,	NULL,	NULL),
(18,	1,	226,	'Beciuania',	'',	'',	'',	'',	'Z304',	'',	NULL,	NULL,	'https://it.wikipedia.org/wiki/Botswana',	NULL,	NULL,	NULL,	0,	1,	'2017-01-01 00:00:00',	NULL,	NULL,	NULL),
(19,	4,	19,	'Belgio',	'Belgium',	'BE',	'BEL',	'.be',	'Z103',	'+32',	'BBB',	'B',	'https://it.wikipedia.org/wiki/Belgio',	NULL,	NULL,	NULL,	0,	1,	'2017-01-01 00:00:00',	NULL,	NULL,	NULL),
(20,	6,	20,	'Bermuda',	'Bermuda',	'BM',	'BMU',	'',	'Z400',	'',	'BER',	'BER',	'https://it.wikipedia.org/wiki/Bermuda',	NULL,	NULL,	NULL,	0,	1,	'2017-01-01 00:00:00',	NULL,	NULL,	NULL),
(21,	3,	21,	'Bhutan',	'Bhutan',	'BT',	'BTN',	'.bt',	'Z205',	'+975',	'BHU',	'BHU',	'https://it.wikipedia.org/wiki/Bhutan',	NULL,	NULL,	NULL,	0,	1,	'2017-01-01 00:00:00',	NULL,	NULL,	NULL),
(22,	3,	22,	'Birmania',	'Birmania',	'MM',	'MMR',	'.mm',	'Z206',	'+95',	'BUR',	'MYA',	'https://it.wikipedia.org/wiki/Birmania',	NULL,	NULL,	NULL,	0,	1,	'2017-01-01 00:00:00',	NULL,	NULL,	NULL),
(23,	7,	23,	'Bolivia',	'Bolivia',	'BO',	'BOL',	'.bo',	'Z601',	'+591',	'RBL',	'BOL',	'https://it.wikipedia.org/wiki/Bolivia',	NULL,	NULL,	NULL,	0,	1,	'2017-01-01 00:00:00',	NULL,	NULL,	NULL),
(24,	7,	24,	'Brasile',	'Brazil',	'BR',	'BRA',	'.br',	'Z602',	'+55',	'BRS',	'BR',	'https://it.wikipedia.org/wiki/Brasile',	NULL,	NULL,	NULL,	0,	1,	'2017-01-01 00:00:00',	NULL,	NULL,	NULL),
(25,	3,	25,	'Brunei',	'Brunei',	'BN',	'BRN',	'',	'Z207',	'',	'BRU',	'BRU',	'https://it.wikipedia.org/wiki/Brunei',	NULL,	NULL,	NULL,	0,	1,	'2017-01-01 00:00:00',	NULL,	NULL,	NULL),
(26,	4,	26,	'Bulgaria',	'Bulgaria',	'BG',	'BGR',	'.bg',	'Z104',	'+359',	'BGA',	'BG',	'https://it.wikipedia.org/wiki/Bulgaria',	NULL,	NULL,	NULL,	0,	1,	'2017-01-01 00:00:00',	NULL,	NULL,	NULL),
(27,	1,	27,	'Burundi',	'Burundi',	'BI',	'BDI',	'.bi',	'Z305',	'+257',	'RUD',	'BU',	'https://it.wikipedia.org/wiki/Burundi',	NULL,	NULL,	NULL,	0,	1,	'2017-01-01 00:00:00',	NULL,	NULL,	NULL),
(28,	3,	28,	'Cambogia',	'Cambogia',	'KH',	'KHM',	'',	'Z208',	'+855',	'KKK',	'K',	'https://it.wikipedia.org/wiki/Cambogia',	NULL,	NULL,	NULL,	0,	1,	'2017-01-01 00:00:00',	NULL,	NULL,	NULL),
(29,	6,	29,	'Canada',	'Canada',	'CA',	'CAN',	'',	'Z401',	'+1',	'CDN',	'CND',	'https://it.wikipedia.org/wiki/Canada',	NULL,	NULL,	NULL,	0,	1,	'2017-01-01 00:00:00',	NULL,	NULL,	NULL),
(30,	6,	30,	'Canale Di Panama',	'',	'',	'',	'',	'Z517',	'',	'PAC',	NULL,	'https://it.wikipedia.org/wiki/Canale_Di_Panama',	NULL,	NULL,	NULL,	0,	1,	'2017-01-01 00:00:00',	NULL,	NULL,	NULL),
(31,	1,	31,	'Capo Verde',	'Cape verde',	'CV',	'CPV',	'.cv',	'Z307',	'+238',	'ICV',	'CVP',	'https://it.wikipedia.org/wiki/Capo_Verde',	NULL,	NULL,	NULL,	0,	1,	'2017-01-01 00:00:00',	NULL,	NULL,	NULL),
(32,	4,	32,	'Cecoslovacchia',	'Czech republic',	'CZ',	'CZE',	'',	'Z105',	'+42',	'CSV',	'CS',	'https://it.wikipedia.org/wiki/Cecoslovacchia',	NULL,	NULL,	NULL,	0,	1,	'2017-01-01 00:00:00',	NULL,	NULL,	NULL),
(33,	3,	257,	'Ceylon',	'',	'',	'',	'',	'Z209',	'',	'CLM',	'CL',	'https://it.wikipedia.org/wiki/Ceylon',	NULL,	NULL,	NULL,	0,	1,	'2017-01-01 00:00:00',	NULL,	NULL,	NULL),
(34,	1,	34,	'Ciad',	'Chad',	'TD',	'TCD',	'.td',	'Z309',	'+235',	'CIA',	'CHA',	'https://it.wikipedia.org/wiki/Ciad',	NULL,	NULL,	NULL,	0,	1,	'2017-01-01 00:00:00',	NULL,	NULL,	NULL),
(35,	7,	35,	'Cile',	'Chile',	'CL',	'CHL',	'.cl',	'Z603',	'+56',	'RCH',	'RCH',	'https://it.wikipedia.org/wiki/Cile',	NULL,	NULL,	NULL,	0,	1,	'2017-01-01 00:00:00',	NULL,	NULL,	NULL),
(36,	3,	36,	'Cina',	'China',	'CN',	'CHN',	'.cn',	'Z210',	'+86',	'RPC',	'TJ',	'https://it.wikipedia.org/wiki/Cina',	NULL,	NULL,	NULL,	0,	1,	'2017-01-01 00:00:00',	NULL,	NULL,	NULL),
(37,	4,	37,	'Cipro',	'Cyprus',	'CY',	'CYP',	'.cy',	'Z211',	'+357',	'CYD',	'CY',	'https://it.wikipedia.org/wiki/Cipro',	NULL,	NULL,	NULL,	0,	1,	'2017-01-01 00:00:00',	NULL,	NULL,	NULL),
(38,	4,	38,	'Città del Vaticano',	'Vatican city',	'VT',	'VAT',	'',	'Z106',	'',	'SCV',	'V',	'https://it.wikipedia.org/wiki/Città_del_Vaticano',	NULL,	NULL,	NULL,	0,	1,	'2017-01-01 00:00:00',	NULL,	NULL,	NULL),
(39,	7,	39,	'Colombia',	'Colombia',	'CO',	'COL',	'.co',	'Z604',	'+57',	'COL',	'CO',	'https://it.wikipedia.org/wiki/Colombia',	NULL,	NULL,	NULL,	0,	1,	'2017-01-01 00:00:00',	NULL,	NULL,	NULL),
(40,	1,	40,	'Congo',	'Congo',	'CG',	'COG',	'.cg',	'Z311',	'+242',	'RCB',	'RCB',	'https://it.wikipedia.org/wiki/Congo',	NULL,	NULL,	NULL,	0,	1,	'2017-01-01 00:00:00',	NULL,	NULL,	NULL),
(41,	1,	41,	'Congo Leopodville',	'Congo zaire',	'CD',	'COD',	'.cd',	'Z312',	'+243',	'ZRE',	'ZRE',	'https://it.wikipedia.org/wiki/Congo_Leopodville',	NULL,	NULL,	NULL,	0,	1,	'2017-01-01 00:00:00',	NULL,	NULL,	NULL),
(42,	3,	42,	'Corea Del Nord',	'North korea',	'KP',	'PRK',	'.kp',	'Z214',	'+850',	'RPK',	'PRK',	'https://it.wikipedia.org/wiki/Corea_Del_Nord',	NULL,	NULL,	NULL,	0,	1,	'2017-01-01 00:00:00',	NULL,	NULL,	NULL),
(43,	3,	43,	'Corea Del Sud',	'South korea',	'KR',	'KOR',	'.kr',	'Z213',	'+82',	'ROK',	'ROK',	'https://it.wikipedia.org/wiki/Corea_Del_Sud',	NULL,	NULL,	NULL,	0,	1,	'2017-01-01 00:00:00',	NULL,	NULL,	NULL),
(44,	1,	44,	'Costa D\'avorio',	'Cote d\'ivoire',	'CI',	'CIV',	'',	'Z313',	'',	'CIV',	'CI',	'https://it.wikipedia.org/wiki/Costa_D\'avorio',	NULL,	NULL,	NULL,	0,	1,	'2017-01-01 00:00:00',	NULL,	NULL,	NULL),
(45,	3,	45,	'Costa Dei Pirati',	'',	'',	'',	'',	'Z215',	'',	NULL,	NULL,	'https://it.wikipedia.org/wiki/Costa_Dei_Pirati',	NULL,	NULL,	NULL,	0,	1,	'2017-01-01 00:00:00',	NULL,	NULL,	NULL),
(46,	6,	46,	'Costa Rica',	'Costa rica',	'CR',	'CRI',	'.cr',	'Z503',	'+506',	'CRC',	'CR',	'https://it.wikipedia.org/wiki/Costa_Rica',	NULL,	NULL,	NULL,	0,	1,	'2017-01-01 00:00:00',	NULL,	NULL,	NULL),
(47,	6,	47,	'Cuba',	'Cuba',	'CU',	'CUB',	'.cu',	'Z504',	'+53',	'CCC',	'C',	'https://it.wikipedia.org/wiki/Cuba',	NULL,	NULL,	NULL,	0,	1,	'2017-01-01 00:00:00',	NULL,	NULL,	NULL),
(48,	1,	48,	'Dahomey',	'',	'',	'',	'',	'Z314',	'',	'DYM',	'DAH',	'https://it.wikipedia.org/wiki/Dahomey',	NULL,	NULL,	NULL,	0,	1,	'2017-01-01 00:00:00',	NULL,	NULL,	NULL),
(49,	4,	49,	'Danimarca',	'Denmark',	'DK',	'DNK',	'.dk',	'Z107',	'+45',	'DKK',	'DK',	'https://it.wikipedia.org/wiki/Danimarca',	NULL,	NULL,	NULL,	0,	1,	'2017-01-01 00:00:00',	NULL,	NULL,	NULL),
(50,	7,	50,	'Ecuador',	'Ecuador',	'EC',	'ECU',	'.ec',	'Z605',	'+593',	'ECD',	'EC',	'https://it.wikipedia.org/wiki/Ecuador',	NULL,	NULL,	NULL,	0,	1,	'2017-01-01 00:00:00',	NULL,	NULL,	NULL),
(51,	1,	51,	'Egitto',	'Egypt',	'EG',	'EGY',	'.eg',	'Z336',	'+20',	'ETT',	'ET',	'https://it.wikipedia.org/wiki/Egitto',	NULL,	NULL,	NULL,	0,	1,	'2017-01-01 00:00:00',	NULL,	NULL,	NULL),
(52,	6,	52,	'El Salvador',	'El salvador',	'SV',	'SLV',	'.sv',	'Z506',	'+503',	'SAL',	'ES',	'https://it.wikipedia.org/wiki/El_Salvador',	NULL,	NULL,	NULL,	0,	1,	'2017-01-01 00:00:00',	NULL,	NULL,	NULL),
(53,	1,	53,	'Etiopia',	'Ethiopia',	'ET',	'ETH',	'.et',	'Z315',	'+251',	'ETH',	'ETH',	'https://it.wikipedia.org/wiki/Etiopia',	NULL,	NULL,	NULL,	0,	1,	'2017-01-01 00:00:00',	NULL,	NULL,	NULL),
(54,	4,	49,	'Faer Oer',	'',	'',	'',	'',	'Z108',	'',	NULL,	NULL,	'https://it.wikipedia.org/wiki/Faer_Oer',	NULL,	NULL,	NULL,	0,	1,	'2017-01-01 00:00:00',	NULL,	NULL,	NULL),
(55,	3,	55,	'Fed. Arabia Meridionale',	'',	'',	'',	'',	'Z201',	'',	NULL,	NULL,	'https://it.wikipedia.org/wiki/Fed._Arabia_Meridionale',	NULL,	NULL,	NULL,	0,	1,	'2017-01-01 00:00:00',	NULL,	NULL,	NULL),
(56,	3,	56,	'Filippine',	'Philippines',	'PH',	'PHL',	'.ph',	'Z216',	'+63',	'RPP',	'RP',	'https://it.wikipedia.org/wiki/Filippine',	NULL,	NULL,	NULL,	0,	1,	'2017-01-01 00:00:00',	NULL,	NULL,	NULL),
(57,	4,	57,	'Finlandia',	'Finland',	'FI',	'FIN',	'.fi',	'Z109',	'+358',	'SFN',	'FIN',	'https://it.wikipedia.org/wiki/Finlandia',	NULL,	NULL,	NULL,	0,	1,	'2017-01-01 00:00:00',	NULL,	NULL,	NULL),
(58,	3,	259,	'Formosa',	'',	'',	'',	'',	'Z217',	'',	'RCW',	'RC',	'https://it.wikipedia.org/wiki/Formosa',	NULL,	NULL,	NULL,	0,	1,	'2017-01-01 00:00:00',	NULL,	NULL,	NULL),
(59,	4,	59,	'Francia',	'France',	'FR',	'FRA',	'.fr',	'Z110',	'+33',	'FFF',	'F',	'https://it.wikipedia.org/wiki/Francia',	NULL,	NULL,	NULL,	0,	1,	'2017-01-01 00:00:00',	NULL,	NULL,	NULL),
(60,	1,	60,	'Gabon',	'Gabon',	'GA',	'GAB',	'.ga',	'Z316',	'+241',	'GAB',	'GAB',	'https://it.wikipedia.org/wiki/Gabon',	NULL,	NULL,	NULL,	0,	1,	'2017-01-01 00:00:00',	NULL,	NULL,	NULL),
(61,	1,	61,	'Gambia',	'Gambia',	'GM',	'GMB',	'.gm',	'Z317',	'+220',	'WAG',	'WAG',	'https://it.wikipedia.org/wiki/Gambia',	NULL,	NULL,	NULL,	0,	1,	'2017-01-01 00:00:00',	NULL,	NULL,	NULL),
(62,	3,	62,	'Gaza',	'Gaza Strip',	'GZ',	'',	'',	'Z218',	'',	NULL,	NULL,	'https://it.wikipedia.org/wiki/Gaza',	NULL,	NULL,	NULL,	0,	1,	'2017-01-01 00:00:00',	NULL,	NULL,	NULL),
(63,	4,	63,	'Germania Est',	'',	'',	'',	'',	'Z111',	'+49',	'DDD',	'D',	'https://it.wikipedia.org/wiki/Germania_Est',	NULL,	NULL,	NULL,	0,	1,	'2017-01-01 00:00:00',	NULL,	NULL,	NULL),
(64,	4,	64,	'Germania Ovest',	'',	'',	'',	'',	'Z112',	'+49',	'DDR',	'DDR',	'https://it.wikipedia.org/wiki/Germania_Ovest',	NULL,	NULL,	NULL,	0,	1,	'2017-01-01 00:00:00',	NULL,	NULL,	NULL),
(65,	1,	65,	'Ghana',	'Ghana',	'GH',	'GHA',	'.gh',	'Z318',	'+233',	'GHN',	'GH',	'https://it.wikipedia.org/wiki/Ghana',	NULL,	NULL,	NULL,	0,	1,	'2017-01-01 00:00:00',	NULL,	NULL,	NULL),
(66,	6,	66,	'Giamaica',	'Jamaica',	'JM',	'JAM',	'.jm',	'Z507',	'',	'JAM',	'JA',	'https://it.wikipedia.org/wiki/Giamaica',	NULL,	NULL,	NULL,	0,	1,	'2017-01-01 00:00:00',	NULL,	NULL,	NULL),
(67,	3,	67,	'Giappone',	'Japan',	'JP',	'JPN',	'.jp',	'Z219',	'+81',	'JJJ',	'J',	'https://it.wikipedia.org/wiki/Giappone',	NULL,	NULL,	NULL,	0,	1,	'2017-01-01 00:00:00',	NULL,	NULL,	NULL),
(68,	4,	68,	'Gibilterra',	'Gibraltar',	'GI',	'GIB',	'',	'Z113',	'',	'GBZ',	'GBZ',	'https://it.wikipedia.org/wiki/Gibilterra',	NULL,	NULL,	NULL,	0,	1,	'2017-01-01 00:00:00',	NULL,	NULL,	NULL),
(69,	3,	69,	'Giordania',	'Jordan',	'JO',	'JOR',	'.jo',	'Z220',	'+962',	'JOR',	'HKJ',	'https://it.wikipedia.org/wiki/Giordania',	NULL,	NULL,	NULL,	0,	1,	'2017-01-01 00:00:00',	NULL,	NULL,	NULL),
(70,	4,	70,	'Gran Bretagna',	'United Kingdom',	'GB',	'GBR',	'uk',	'Z114',	'+44',	'GBR',	'GB',	'https://it.wikipedia.org/wiki/Gran_Bretagna',	NULL,	NULL,	NULL,	0,	1,	'2017-01-01 00:00:00',	NULL,	NULL,	NULL),
(71,	4,	71,	'Grecia',	'Greece',	'GR',	'GRC',	'.gr',	'Z115',	'+30',	'GRK',	'GR',	'https://it.wikipedia.org/wiki/Grecia',	NULL,	NULL,	NULL,	0,	1,	'2017-01-01 00:00:00',	NULL,	NULL,	NULL),
(72,	6,	72,	'Groenlandia',	'Greenland',	'GL',	'GRL',	'',	'Z402',	'',	NULL,	NULL,	'https://it.wikipedia.org/wiki/Groenlandia',	NULL,	NULL,	NULL,	0,	1,	'2017-01-01 00:00:00',	NULL,	NULL,	NULL),
(73,	6,	73,	'Guadalupa',	'Guadeloupe',	'GP',	'GLP',	'',	'Z508',	'',	'GUD',	'GLP',	'https://it.wikipedia.org/wiki/Guadalupa',	NULL,	NULL,	NULL,	0,	1,	'2017-01-01 00:00:00',	NULL,	NULL,	NULL),
(74,	6,	74,	'Guatemala',	'Guatemala',	'GT',	'GTM',	'.gt',	'Z509',	'+502',	'GCA',	'GCA',	'https://it.wikipedia.org/wiki/Guatemala',	NULL,	NULL,	NULL,	0,	1,	'2017-01-01 00:00:00',	NULL,	NULL,	NULL),
(75,	7,	75,	'Guayana Britannica',	'',	'',	'',	'',	'Z606',	'',	NULL,	NULL,	'https://it.wikipedia.org/wiki/Guayana_Britannica',	NULL,	NULL,	NULL,	0,	1,	'2017-01-01 00:00:00',	NULL,	NULL,	NULL),
(76,	7,	76,	'Guayana Francese',	'French Guiana',	'GF',	'GUF',	'',	'Z607',	'',	NULL,	NULL,	'https://it.wikipedia.org/wiki/Guayana_Francese',	NULL,	NULL,	NULL,	0,	1,	'2017-01-01 00:00:00',	NULL,	NULL,	NULL),
(77,	7,	77,	'Guayana Olandese',	'',	'',	'',	'',	'Z608',	'',	NULL,	NULL,	'https://it.wikipedia.org/wiki/Guayana_Olandese',	NULL,	NULL,	NULL,	0,	1,	'2017-01-01 00:00:00',	NULL,	NULL,	NULL),
(78,	1,	78,	'Guinea',	'Guinea',	'GN',	'GIN',	'.gn',	'Z319',	'+224',	'',	'',	'https://it.wikipedia.org/wiki/Guinea',	NULL,	NULL,	NULL,	0,	1,	'2017-01-01 00:00:00',	NULL,	NULL,	NULL),
(79,	1,	79,	'Guinea Portoghese',	'',	'',	'',	'',	'Z320',	'',	'',	'',	'https://it.wikipedia.org/wiki/Guinea_Portoghese',	NULL,	NULL,	NULL,	0,	1,	'2017-01-01 00:00:00',	NULL,	NULL,	NULL),
(80,	1,	80,	'Guinea Spagnola',	'',	'',	'',	'',	'Z321',	'',	'',	'',	'https://it.wikipedia.org/wiki/Guinea_Spagnola',	NULL,	NULL,	NULL,	0,	1,	'2017-01-01 00:00:00',	NULL,	NULL,	NULL),
(81,	6,	81,	'Haiti',	'Haiti',	'HT',	'HTI',	'.ht',	'Z510',	'+509',	'RHT',	'RH',	'https://it.wikipedia.org/wiki/Haiti',	NULL,	NULL,	NULL,	0,	1,	'2017-01-01 00:00:00',	NULL,	NULL,	NULL),
(82,	7,	82,	'Honduras',	'Honduras',	'HN',	'HND',	'.hn',	'Z511',	'+504',	'HON',	'HON',	'https://it.wikipedia.org/wiki/Honduras',	NULL,	NULL,	NULL,	0,	1,	'2017-01-01 00:00:00',	NULL,	NULL,	NULL),
(83,	7,	83,	'Honduras Britannico',	'',	'',	'',	'',	'Z512',	'',	NULL,	NULL,	'https://it.wikipedia.org/wiki/Honduras_Britannico',	NULL,	NULL,	NULL,	0,	1,	'2017-01-01 00:00:00',	NULL,	NULL,	NULL),
(84,	3,	84,	'Hong Kong',	'Hong Kong',	'HK',	'HKG',	'',	'Z221',	'+852',	'HKG',	'HK',	'https://it.wikipedia.org/wiki/Hong_Kong',	NULL,	NULL,	NULL,	0,	1,	'2017-01-01 00:00:00',	NULL,	NULL,	NULL),
(85,	1,	189,	'Ifni',	'',	'',	'',	'',	'Z323',	'',	NULL,	NULL,	'https://it.wikipedia.org/wiki/Ifni',	NULL,	NULL,	NULL,	0,	1,	'2017-01-01 00:00:00',	NULL,	NULL,	NULL),
(86,	1,	86,	'India',	'India',	'IN',	'IND',	'.in',	'Z222',	'+91',	'IND',	'IND',	'https://it.wikipedia.org/wiki/India',	NULL,	NULL,	NULL,	0,	1,	'2017-01-01 00:00:00',	NULL,	NULL,	NULL),
(87,	1,	87,	'Indonesia',	'Indonesia',	'ID',	'IDN',	'.id',	'Z223',	'+62',	'RIN',	'RI',	'https://it.wikipedia.org/wiki/Indonesia',	NULL,	NULL,	NULL,	0,	1,	'2017-01-01 00:00:00',	NULL,	NULL,	NULL),
(88,	1,	88,	'Iran',	'Iran',	'IR',	'IRN',	'.ir',	'Z224',	'+98',	'IRN',	'IR',	'https://it.wikipedia.org/wiki/Iran',	NULL,	NULL,	NULL,	0,	1,	'2017-01-01 00:00:00',	NULL,	NULL,	NULL),
(89,	1,	89,	'Iraq',	'Iraq',	'IQ',	'IRQ',	'.iq',	'Z225',	'+964',	'IRQ',	'IRQ',	'https://it.wikipedia.org/wiki/Iraq',	NULL,	NULL,	NULL,	0,	1,	'2017-01-01 00:00:00',	NULL,	NULL,	NULL),
(90,	5,	87,	'Irian Occidentale',	'',	'',	'',	'',	'Z707',	'',	NULL,	NULL,	'https://it.wikipedia.org/wiki/Irian_Occidentale',	NULL,	NULL,	NULL,	0,	1,	'2017-01-01 00:00:00',	NULL,	NULL,	NULL),
(91,	4,	91,	'Irlanda',	'Ireland',	'IE',	'IRL',	'.ie',	'Z116',	'+353',	'EIR',	'IRL',	'https://it.wikipedia.org/wiki/Irlanda',	NULL,	NULL,	NULL,	0,	1,	'2017-01-01 00:00:00',	NULL,	NULL,	NULL),
(92,	4,	92,	'Irlanda Del Nord',	'',	'',	'',	'',	'Z114',	'+44',	NULL,	NULL,	'https://it.wikipedia.org/wiki/Irlanda_Del_Nord',	NULL,	NULL,	NULL,	0,	1,	'2017-01-01 00:00:00',	NULL,	NULL,	NULL),
(93,	4,	93,	'Islanda',	'Iceland',	'IS',	'ISL',	'.is',	'Z117',	'+354',	'ISL',	'IS',	'https://it.wikipedia.org/wiki/Islanda',	NULL,	NULL,	NULL,	0,	1,	'2017-01-01 00:00:00',	NULL,	NULL,	NULL),
(94,	5,	94,	'Isola Di Pasqua',	'',	'',	'',	'',	'Z721',	'',	NULL,	NULL,	'https://it.wikipedia.org/wiki/Isola_Di_Pasqua',	NULL,	NULL,	NULL,	0,	1,	'2017-01-01 00:00:00',	NULL,	NULL,	NULL),
(95,	5,	95,	'Isole Caroline',	'',	'',	'',	'',	'Z701',	'',	NULL,	NULL,	'https://it.wikipedia.org/wiki/Isole_Caroline',	NULL,	NULL,	NULL,	0,	1,	'2017-01-01 00:00:00',	NULL,	NULL,	NULL),
(96,	5,	96,	'Isole Christmas',	'Christmas Island',	'CX',	'CXR',	'',	'Z702',	'',	NULL,	NULL,	'https://it.wikipedia.org/wiki/Isole_Christmas',	NULL,	NULL,	NULL,	0,	1,	'2017-01-01 00:00:00',	NULL,	NULL,	NULL),
(97,	5,	97,	'Isole Cocos',	'Cocos (Keeling) Islands',	'CC',	'CCK',	'',	'Z212',	'',	NULL,	NULL,	'https://it.wikipedia.org/wiki/Isole_Cocos',	NULL,	NULL,	NULL,	0,	1,	'2017-01-01 00:00:00',	NULL,	NULL,	NULL),
(98,	1,	98,	'Isole Comore',	'Comoros',	'KM',	'COM',	'.km',	'Z310',	'+269',	'COM',	'COM',	'https://it.wikipedia.org/wiki/Isole_Comore',	NULL,	NULL,	NULL,	0,	1,	'2017-01-01 00:00:00',	NULL,	NULL,	NULL),
(99,	5,	99,	'Isole Cook',	'Cook Islands',	'CK',	'COK',	'',	'Z703',	'',	'COK',	'COK',	'https://it.wikipedia.org/wiki/Isole_Cook',	NULL,	NULL,	NULL,	0,	1,	'2017-01-01 00:00:00',	NULL,	NULL,	NULL),
(100,	7,	100,	'Isole Falkland',	'Falkland Islands',	'FK',	'FLK',	'',	'Z609',	'',	'FAL',	'FLK',	'https://it.wikipedia.org/wiki/Isole_Falkland',	NULL,	NULL,	NULL,	0,	1,	'2017-01-01 00:00:00',	NULL,	NULL,	NULL),
(101,	5,	101,	'Isole Figi',	'Fiji',	'FJ',	'FJI',	'.fj',	'Z704',	'+679',	'FJI',	'FJI',	'https://it.wikipedia.org/wiki/Isole_Figi',	NULL,	NULL,	NULL,	0,	1,	'2017-01-01 00:00:00',	NULL,	NULL,	NULL),
(102,	5,	102,	'Isole Gilbert',	'',	'',	'',	'',	'Z705',	'',	NULL,	NULL,	'https://it.wikipedia.org/wiki/Isole_Gilbert',	NULL,	NULL,	NULL,	0,	1,	'2017-01-01 00:00:00',	NULL,	NULL,	NULL),
(103,	6,	190,	'Isole Guam',	'Guam',	'GU',	'GUM',	'',	'Z706',	'+1',	'GUA',	'GUM',	'https://it.wikipedia.org/wiki/Isole_Guam',	NULL,	NULL,	NULL,	0,	1,	'2017-01-01 00:00:00',	NULL,	NULL,	NULL),
(104,	5,	13,	'Isole Macquarie',	'',	'',	'',	'',	'Z708',	'',	NULL,	NULL,	'https://it.wikipedia.org/wiki/Isole_Macquarie',	NULL,	NULL,	NULL,	0,	1,	'2017-01-01 00:00:00',	NULL,	NULL,	NULL),
(105,	3,	67,	'Isole Marcus',	'',	'',	'',	'',	'Z709',	'',	NULL,	NULL,	'https://it.wikipedia.org/wiki/Isole_Marcus',	NULL,	NULL,	NULL,	0,	1,	'2017-01-01 00:00:00',	NULL,	NULL,	NULL),
(106,	3,	190,	'Isole Marianne',	'Northern Mariana Islands',	'MP',	'MNP',	'',	'Z710',	'',	'MCM',	'',	'https://it.wikipedia.org/wiki/Isole_Marianne',	NULL,	NULL,	NULL,	0,	1,	'2017-01-01 00:00:00',	NULL,	NULL,	NULL),
(107,	5,	107,	'Isole Marshall',	'Marshall islands',	'MH',	'MHL',	'.mh',	'Z711',	'+692',	NULL,	'MH',	'https://it.wikipedia.org/wiki/Isole_Marshall',	NULL,	NULL,	NULL,	0,	1,	'2017-01-01 00:00:00',	NULL,	NULL,	NULL),
(108,	1,	108,	'Isole Maurizio',	'Mauritius',	'MU',	'MUS',	'.mu',	'Z332',	'+230',	'MSZ',	'MS',	'https://it.wikipedia.org/wiki/Isole_Maurizio',	NULL,	NULL,	NULL,	0,	1,	'2017-01-01 00:00:00',	NULL,	NULL,	NULL),
(109,	6,	190,	'Isole Midway',	'',	'',	'',	'',	'Z712',	'',	NULL,	NULL,	'https://it.wikipedia.org/wiki/Isole_Midway',	NULL,	NULL,	NULL,	0,	1,	'2017-01-01 00:00:00',	NULL,	NULL,	NULL),
(110,	5,	110,	'Isole Nauru',	'Nauru',	'NR',	'NRU',	'.nr',	'Z713',	'+674',	'NAU',	'NRU',	'https://it.wikipedia.org/wiki/Isole_Nauru',	NULL,	NULL,	NULL,	0,	1,	'2017-01-01 00:00:00',	NULL,	NULL,	NULL),
(111,	5,	111,	'Isole Norfolk',	'Norfolk Island',	'NF',	'NFK',	'',	'Z715',	'',	NULL,	NULL,	'https://it.wikipedia.org/wiki/Isole_Norfolk',	NULL,	NULL,	NULL,	0,	1,	'2017-01-01 00:00:00',	NULL,	NULL,	NULL),
(112,	4,	70,	'Isole Normanne',	'',	'',	'',	'',	'Z124',	'',	NULL,	NULL,	'https://it.wikipedia.org/wiki/Isole_Normanne',	NULL,	NULL,	NULL,	0,	1,	'2017-01-01 00:00:00',	NULL,	NULL,	NULL),
(113,	1,	59,	'Isole Reunion',	'Réunion',	'RE',	'REU',	'',	'Z324',	'',	'RIU',	'REU',	'https://it.wikipedia.org/wiki/Isole_Reunion',	NULL,	NULL,	NULL,	0,	1,	'2017-01-01 00:00:00',	NULL,	NULL,	NULL),
(114,	3,	67,	'Isole Ryukyu',	'',	'',	'',	'',	'Z238',	'',	NULL,	NULL,	'https://it.wikipedia.org/wiki/Isole_Ryukyu',	NULL,	NULL,	NULL,	0,	1,	'2017-01-01 00:00:00',	NULL,	NULL,	NULL),
(115,	5,	115,	'Isole Salomone',	'Solomon islands',	'SB',	'SLB',	'.sb',	'Z724',	'+677',	NULL,	'SOL',	'https://it.wikipedia.org/wiki/Isole_Salomone',	NULL,	NULL,	NULL,	0,	1,	'2017-01-01 00:00:00',	NULL,	NULL,	NULL),
(116,	6,	190,	'Isole Savage',	'',	'',	'',	'',	'Z714',	'',	NULL,	NULL,	'https://it.wikipedia.org/wiki/Isole_Savage',	NULL,	NULL,	NULL,	0,	1,	'2017-01-01 00:00:00',	NULL,	NULL,	NULL),
(117,	1,	117,	'Isole Seychelles',	'Seychelles',	'SC',	'SYC',	'.sc',	'Z342',	'+248',	'SYC',	'SY',	'https://it.wikipedia.org/wiki/Isole_Seychelles',	NULL,	NULL,	NULL,	0,	1,	'2017-01-01 00:00:00',	NULL,	NULL,	NULL),
(118,	5,	118,	'Isole Tonga',	'Tonga',	'TO',	'TON',	'.to',	'Z728',	'+676',	'TON',	'TGA',	'https://it.wikipedia.org/wiki/Isole_Tonga',	NULL,	NULL,	NULL,	0,	1,	'2017-01-01 00:00:00',	NULL,	NULL,	NULL),
(119,	6,	190,	'Isole Vergini',	'Virgin Islands, U.S.',	'VI',	'VIR',	'',	'Z520',	'',	NULL,	NULL,	'https://it.wikipedia.org/wiki/Isole_Vergini',	NULL,	NULL,	NULL,	0,	1,	'2017-01-01 00:00:00',	NULL,	NULL,	NULL),
(120,	5,	59,	'Isole Wallis',	'Wallis and Futuna',	'WF',	'WLF',	'',	'Z729',	'',	NULL,	NULL,	'https://it.wikipedia.org/wiki/Isole_Wallis',	NULL,	NULL,	NULL,	0,	1,	'2017-01-01 00:00:00',	NULL,	NULL,	NULL),
(121,	3,	121,	'Israele',	'Israel',	'IL',	'ISR',	'.il',	'Z226',	'+972',	'ILE',	'IL',	'https://it.wikipedia.org/wiki/Israele',	NULL,	NULL,	NULL,	0,	1,	'2017-01-01 00:00:00',	NULL,	NULL,	NULL),
(122,	4,	122,	'Jugoslavia',	'Yugoslavia',	'YU',	'YUG',	'',	'Z118',	'+381',	NULL,	NULL,	'https://it.wikipedia.org/wiki/Jugoslavia',	NULL,	NULL,	NULL,	0,	1,	'2017-01-01 00:00:00',	NULL,	NULL,	NULL),
(123,	1,	123,	'Kenia',	'Kenya',	'KE',	'KEN',	'.ke',	'Z322',	'+254',	'EAK',	'EAK',	'https://it.wikipedia.org/wiki/Kenia',	NULL,	NULL,	NULL,	0,	1,	'2017-01-01 00:00:00',	NULL,	NULL,	NULL),
(124,	3,	124,	'Kuwait',	'Kuwait',	'KW',	'KWT',	'.kw',	'Z227',	'+965',	'KWT',	'KWT',	'https://it.wikipedia.org/wiki/Kuwait',	NULL,	NULL,	NULL,	0,	1,	'2017-01-01 00:00:00',	NULL,	NULL,	NULL),
(125,	3,	125,	'Laos',	'Laos',	'LA',	'LAO',	'.la',	'Z228',	'+856',	'LAO',	'LAO',	'https://it.wikipedia.org/wiki/Laos',	NULL,	NULL,	NULL,	0,	1,	'2017-01-01 00:00:00',	NULL,	NULL,	NULL),
(126,	3,	126,	'Libano',	'Lebanon',	'LB',	'LBN',	'.lb',	'Z229',	'+961',	'RLB',	'RL',	'https://it.wikipedia.org/wiki/Libano',	NULL,	NULL,	NULL,	0,	1,	'2017-01-01 00:00:00',	NULL,	NULL,	NULL),
(127,	1,	127,	'Liberia',	'Liberia',	'LR',	'LBR',	'.lr',	'Z325',	'+231',	'LBR',	'LB',	'https://it.wikipedia.org/wiki/Liberia',	NULL,	NULL,	NULL,	0,	1,	'2017-01-01 00:00:00',	NULL,	NULL,	NULL),
(128,	1,	128,	'Libia',	'Libya',	'LY',	'LBY',	'.ly',	'Z326',	'+218',	'LAR',	'LAR',	'https://it.wikipedia.org/wiki/Libia',	NULL,	NULL,	NULL,	0,	1,	'2017-01-01 00:00:00',	NULL,	NULL,	NULL),
(129,	4,	129,	'Liechtenstein',	'Liechtenstein',	'LI',	'LIE',	'.li',	'Z119',	'+423',	'FLT',	'FL',	'https://it.wikipedia.org/wiki/Liechtenstein',	NULL,	NULL,	NULL,	0,	1,	'2017-01-01 00:00:00',	NULL,	NULL,	NULL),
(130,	4,	130,	'Lussemburgo',	'Luxembourg',	'LU',	'LUX',	'.lu',	'Z120',	'+352',	'LLL',	'L',	'https://it.wikipedia.org/wiki/Lussemburgo',	NULL,	NULL,	NULL,	0,	1,	'2017-01-01 00:00:00',	NULL,	NULL,	NULL),
(131,	3,	131,	'Macao',	'Macao',	'MO',	'MAC',	'',	'Z231',	'',	'MAC',	'MAC',	'https://it.wikipedia.org/wiki/Macao',	NULL,	NULL,	NULL,	0,	1,	'2017-01-01 00:00:00',	NULL,	NULL,	NULL),
(132,	1,	132,	'Madagascar',	'Madagascar',	'MG',	'MDG',	'.mg',	'Z327',	'+261',	'RMG',	'RM',	'https://it.wikipedia.org/wiki/Madagascar',	NULL,	NULL,	NULL,	0,	1,	'2017-01-01 00:00:00',	NULL,	NULL,	NULL),
(133,	1,	133,	'Malawi',	'Malawi',	'MW',	'MWI',	'.mw',	'Z328',	'+265',	'MWI',	'MW',	'https://it.wikipedia.org/wiki/Malawi',	NULL,	NULL,	NULL,	0,	1,	'2017-01-01 00:00:00',	NULL,	NULL,	NULL),
(134,	1,	134,	'Maldive',	'Maldives',	'MV',	'MDV',	'.mv',	'Z232',	'+960',	'IMV',	'MDV',	'https://it.wikipedia.org/wiki/Maldive',	NULL,	NULL,	NULL,	0,	1,	'2017-01-01 00:00:00',	NULL,	NULL,	NULL),
(135,	3,	135,	'Malesia',	'Malaysia',	'MY',	'MYS',	'',	'Z230',	'+60',	'MAL',	'MAL',	'https://it.wikipedia.org/wiki/Malesia',	NULL,	NULL,	NULL,	0,	1,	'2017-01-01 00:00:00',	NULL,	NULL,	NULL),
(136,	1,	136,	'Mali',	'Mali',	'ML',	'MLI',	'.ml',	'Z329',	'+223',	'RMM',	'RMM',	'https://it.wikipedia.org/wiki/Mali',	NULL,	NULL,	NULL,	0,	1,	'2017-01-01 00:00:00',	NULL,	NULL,	NULL),
(137,	4,	137,	'Malta',	'Malta',	'MT',	'MLT',	'.mt',	'Z121',	'+356',	'MMM',	'M',	'https://it.wikipedia.org/wiki/Malta',	NULL,	NULL,	NULL,	0,	1,	'2017-01-01 00:00:00',	NULL,	NULL,	NULL),
(138,	6,	138,	'Isole Cayman',	'Cayman Islands',	'KY',	'CYM',	'',	'Z122',	'',	NULL,	NULL,	'https://it.wikipedia.org/wiki/Isole_Cayman',	NULL,	NULL,	NULL,	0,	1,	'2017-01-01 00:00:00',	NULL,	NULL,	NULL),
(139,	1,	139,	'Marocco',	'Morocco',	'MA',	'MAR',	'.ma',	'Z330',	'+212',	'MAX',	'MA',	'https://it.wikipedia.org/wiki/Marocco',	NULL,	NULL,	NULL,	0,	1,	'2017-01-01 00:00:00',	NULL,	NULL,	NULL),
(140,	6,	140,	'Martinica',	'Martinique',	'MQ',	'MTQ',	'',	'Z513',	'',	'MRT',	'MTQ',	'https://it.wikipedia.org/wiki/Martinica',	NULL,	NULL,	NULL,	0,	1,	'2017-01-01 00:00:00',	NULL,	NULL,	NULL),
(141,	1,	141,	'Mauritania',	'Mauritania',	'MR',	'MRT',	'.mr',	'Z331',	'+222',	'RIM',	'RIM',	'https://it.wikipedia.org/wiki/Mauritania',	NULL,	NULL,	NULL,	0,	1,	'2017-01-01 00:00:00',	NULL,	NULL,	NULL),
(142,	6,	142,	'Messico',	'Mexico',	'MX',	'MEX',	'.mx',	'Z514',	'+52',	'MEX',	'MEX',	'https://it.wikipedia.org/wiki/Messico',	NULL,	NULL,	NULL,	0,	1,	'2017-01-01 00:00:00',	NULL,	NULL,	NULL),
(143,	4,	143,	'Monaco',	'Monaco',	'MC',	'MCO',	'.mc',	'Z123',	'+33',	'MCP',	'MC',	'https://it.wikipedia.org/wiki/Monaco',	NULL,	NULL,	NULL,	0,	1,	'2017-01-01 00:00:00',	NULL,	NULL,	NULL),
(144,	1,	144,	'Mongolia',	'Mongolia',	'MN',	'MNG',	'',	'Z233',	'+976',	'MGL',	'MGL',	'https://it.wikipedia.org/wiki/Mongolia',	NULL,	NULL,	NULL,	0,	1,	'2017-01-01 00:00:00',	NULL,	NULL,	NULL),
(145,	1,	145,	'Mozambico',	'Mozambique',	'MZ',	'MOZ',	'.mz',	'Z333',	'+258',	'MOZ',	'MOZ',	'https://it.wikipedia.org/wiki/Mozambico',	NULL,	NULL,	NULL,	0,	1,	'2017-01-01 00:00:00',	NULL,	NULL,	NULL),
(146,	3,	146,	'Nepal',	'Nepal',	'NP',	'NPL',	'.np',	'Z234',	'+977',	'NEP',	'NEP',	'https://it.wikipedia.org/wiki/Nepal',	NULL,	NULL,	NULL,	0,	1,	'2017-01-01 00:00:00',	NULL,	NULL,	NULL),
(147,	6,	147,	'Nicaragua',	'Nicaragua',	'NI',	'NIC',	'.ni',	'Z515',	'+505',	'NIC',	'NIC',	'https://it.wikipedia.org/wiki/Nicaragua',	NULL,	NULL,	NULL,	0,	1,	'2017-01-01 00:00:00',	NULL,	NULL,	NULL),
(148,	1,	148,	'Niger',	'Niger',	'NE',	'NER',	'.ne',	'Z334',	'+227',	'NIG',	'RN',	'https://it.wikipedia.org/wiki/Niger',	NULL,	NULL,	NULL,	0,	1,	'2017-01-01 00:00:00',	NULL,	NULL,	NULL),
(149,	1,	149,	'Nigeria',	'Nigeria',	'NG',	'NGA',	'.ng',	'Z335',	'',	'WAN',	'WAN',	'https://it.wikipedia.org/wiki/Nigeria',	NULL,	NULL,	NULL,	0,	1,	'2017-01-01 00:00:00',	NULL,	NULL,	NULL),
(150,	4,	150,	'Norvegia',	'Norway',	'NO',	'NOR',	'.no',	'Z125',	'+47',	'NNN',	'N',	'https://it.wikipedia.org/wiki/Norvegia',	NULL,	NULL,	NULL,	0,	1,	'2017-01-01 00:00:00',	NULL,	NULL,	NULL),
(151,	5,	151,	'Nuova Caledonia',	'New Caledonia',	'NC',	'NCL',	'',	'Z716',	'',	'NCD',	'NCL',	'https://it.wikipedia.org/wiki/Nuova_Caledonia',	NULL,	NULL,	NULL,	0,	1,	'2017-01-01 00:00:00',	NULL,	NULL,	NULL),
(152,	5,	152,	'Nuova Guinea',	'',	'',	'',	'',	'Z718',	'',	'NGN',	'PNG',	'https://it.wikipedia.org/wiki/Nuova_Guinea',	NULL,	NULL,	NULL,	0,	1,	'2017-01-01 00:00:00',	NULL,	NULL,	NULL),
(153,	5,	153,	'Nuova Zelanda',	'New zealand',	'NZ',	'NZL',	'.nz',	'Z719',	'+64',	'NZL',	'NZ',	'https://it.wikipedia.org/wiki/Nuova_Zelanda',	NULL,	NULL,	NULL,	0,	1,	'2017-01-01 00:00:00',	NULL,	NULL,	NULL),
(154,	5,	154,	'Nuove Ebridi',	'',	'',	'',	'',	'Z717',	'',	NULL,	NULL,	'https://it.wikipedia.org/wiki/Nuove_Ebridi',	NULL,	NULL,	NULL,	0,	1,	'2017-01-01 00:00:00',	NULL,	NULL,	NULL),
(155,	3,	155,	'Oman',	'Oman',	'OM',	'OMN',	'.om',	'Z235',	'+968',	'OMN',	'OM',	'https://it.wikipedia.org/wiki/Oman',	NULL,	NULL,	NULL,	0,	1,	'2017-01-01 00:00:00',	NULL,	NULL,	NULL),
(156,	4,	156,	'Paesi Bassi',	'Netherlands',	'NL',	'NLD',	'.nl',	'Z126',	'+31',	'NLD',	'NL',	'https://it.wikipedia.org/wiki/Paesi_Bassi',	NULL,	NULL,	NULL,	0,	1,	'2017-01-01 00:00:00',	NULL,	NULL,	NULL),
(157,	3,	157,	'Pakistan',	'Pakistan',	'PK',	'PAK',	'.pk',	'Z236',	'+92',	'PAK',	'PAK',	'https://it.wikipedia.org/wiki/Pakistan',	NULL,	NULL,	NULL,	0,	1,	'2017-01-01 00:00:00',	NULL,	NULL,	NULL),
(158,	6,	158,	'Panama',	'Panama',	'PA',	'PAN',	'',	'Z516',	'',	'PAN',	'PA',	'https://it.wikipedia.org/wiki/Panama',	NULL,	NULL,	NULL,	0,	1,	'2017-01-01 00:00:00',	NULL,	NULL,	NULL),
(159,	5,	159,	'Papuasia',	'',	'',	'',	'',	'Z720',	'',	NULL,	NULL,	'https://it.wikipedia.org/wiki/Papuasia',	NULL,	NULL,	NULL,	0,	1,	'2017-01-01 00:00:00',	NULL,	NULL,	NULL),
(160,	7,	160,	'Paraguay',	'Paraguay',	'PY',	'PRY',	'.py',	'Z610',	'+595',	'PYG',	'PY',	'https://it.wikipedia.org/wiki/Paraguay',	NULL,	NULL,	NULL,	0,	1,	'2017-01-01 00:00:00',	NULL,	NULL,	NULL),
(161,	7,	161,	'Peru`',	'Peru',	'PE',	'PER',	'',	'Z611',	'',	'PER',	'PE',	'https://it.wikipedia.org/wiki/Peru`',	NULL,	NULL,	NULL,	0,	1,	'2017-01-01 00:00:00',	NULL,	NULL,	NULL),
(162,	5,	70,	'Pitcairn',	'Pitcairn',	'PN',	'PCN',	'',	'Z722',	'',	'PIT',	'PCN',	'https://it.wikipedia.org/wiki/Pitcairn',	NULL,	NULL,	NULL,	0,	1,	'2017-01-01 00:00:00',	NULL,	NULL,	NULL),
(163,	5,	59,	'Polinesia',	'French Polynesia',	'PF',	'PYF',	'',	'Z723',	'',	'POL',	'PYF',	'https://it.wikipedia.org/wiki/Polinesia',	NULL,	NULL,	NULL,	0,	1,	'2017-01-01 00:00:00',	NULL,	NULL,	NULL),
(164,	4,	164,	'Polonia',	'Poland',	'PL',	'POL',	'.pl',	'Z127',	'+48',	'PLN',	'PL',	'https://it.wikipedia.org/wiki/Polonia',	NULL,	NULL,	NULL,	0,	1,	'2017-01-01 00:00:00',	NULL,	NULL,	NULL),
(165,	4,	165,	'Portogallo',	'Portugal',	'PT',	'PRT',	'.pt',	'Z128',	'+351',	'PPP',	'P',	'https://it.wikipedia.org/wiki/Portogallo',	NULL,	NULL,	NULL,	0,	1,	'2017-01-01 00:00:00',	NULL,	NULL,	NULL),
(166,	3,	211,	'Prot. Arabia Meridionale',	'',	'',	'',	'',	'Z202',	'',	NULL,	NULL,	'https://it.wikipedia.org/wiki/Prot._Arabia_Meridionale',	NULL,	NULL,	NULL,	0,	1,	'2017-01-01 00:00:00',	NULL,	NULL,	NULL),
(167,	6,	167,	'Porto Rico',	'Puerto Rico',	'PR',	'PRI',	'',	'Z518',	'',	'PRI',	'PUR',	'https://it.wikipedia.org/wiki/Puerto_Rico',	NULL,	NULL,	NULL,	0,	1,	'2017-01-01 00:00:00',	NULL,	NULL,	NULL),
(168,	3,	168,	'Qatar',	'Qatar',	'QA',	'QAT',	'',	'Z237',	'+974',	'QQQ',	'Q',	'https://it.wikipedia.org/wiki/Qatar',	NULL,	NULL,	NULL,	0,	1,	'2017-01-01 00:00:00',	NULL,	NULL,	NULL),
(169,	1,	169,	'Repubblica Centrafricana',	'Central african republic',	'CF',	'CAF',	'.cf',	'Z308',	'+236',	'RCA',	'RCA',	'https://it.wikipedia.org/wiki/Repubblica_Centrafricana',	NULL,	NULL,	NULL,	0,	1,	'2017-01-01 00:00:00',	NULL,	NULL,	NULL),
(170,	6,	170,	'Repubblica Dominicana',	'Dominican republic',	'DO',	'DOM',	'.do',	'Z505',	'',	'DOM',	'DOM',	'https://it.wikipedia.org/wiki/Repubblica_Dominicana',	NULL,	NULL,	NULL,	0,	1,	'2017-01-01 00:00:00',	NULL,	NULL,	NULL),
(171,	1,	171,	'Repubblica Sudafricana',	'South africa',	'ZA',	'ZAF',	'',	'Z347',	'',	'ZAF',	'ZA',	'https://it.wikipedia.org/wiki/Repubblica_Sudafricana',	NULL,	NULL,	NULL,	0,	1,	'2017-01-01 00:00:00',	NULL,	NULL,	NULL),
(172,	1,	172,	'Rhodesia',	'',	'',	'',	'',	'Z337',	'',	NULL,	NULL,	'https://it.wikipedia.org/wiki/Rhodesia',	NULL,	NULL,	NULL,	0,	1,	'2017-01-01 00:00:00',	NULL,	NULL,	NULL),
(173,	4,	173,	'Romania',	'Rumania',	'RO',	'ROM',	'.ro',	'Z129',	'+40',	'RRR',	'R',	'https://it.wikipedia.org/wiki/Romania',	NULL,	NULL,	NULL,	0,	1,	'2017-01-01 00:00:00',	NULL,	NULL,	NULL),
(174,	1,	174,	'Ruanda',	'Rwanda',	'RW',	'RWA',	'.rw',	'Z338',	'+250',	'RWA',	'RWA',	'https://it.wikipedia.org/wiki/Ruanda',	NULL,	NULL,	NULL,	0,	1,	'2017-01-01 00:00:00',	NULL,	NULL,	NULL),
(175,	1,	175,	'Sahara Spagnolo',	'Western Sahara',	'EH',	'ESH',	'',	'Z339',	'',	NULL,	NULL,	'https://it.wikipedia.org/wiki/Sahara_Spagnolo',	NULL,	NULL,	NULL,	0,	1,	'2017-01-01 00:00:00',	NULL,	NULL,	NULL),
(176,	6,	59,	'Saint Pierre',	'Saint-Pierre and Miquelon',	'PM',	'SPM',	'',	'Z403',	'',	'SPM',	'SPM',	'https://it.wikipedia.org/wiki/Saint_Pierre',	NULL,	NULL,	NULL,	0,	1,	'2017-01-01 00:00:00',	NULL,	NULL,	NULL),
(177,	5,	190,	'Samoa Americane',	'American Samoa',	'AS',	'ASM',	'',	'Z725',	'',	NULL,	NULL,	'https://it.wikipedia.org/wiki/Samoa_Americane',	NULL,	NULL,	NULL,	0,	1,	'2017-01-01 00:00:00',	NULL,	NULL,	NULL),
(178,	5,	178,	'Samoa Occidentali',	'Samoa',	'WS',	'WSM',	'.ws',	'Z726',	'+685',	'WSO',	'WS',	'https://it.wikipedia.org/wiki/Samoa_Occidentali',	NULL,	NULL,	NULL,	0,	1,	'2017-01-01 00:00:00',	NULL,	NULL,	NULL),
(179,	4,	179,	'San Marino',	'San marino',	'SM',	'SMR',	'.sm',	'Z130',	'',	'RSM',	'RSM',	'https://it.wikipedia.org/wiki/San_Marino',	NULL,	NULL,	NULL,	0,	1,	'2017-01-01 00:00:00',	NULL,	NULL,	NULL),
(180,	1,	70,	'Sant\'Elena',	'Saint Helena',	'SH',	'SHM',	'',	'Z340',	'',	'SEL',	'SHN',	'https://it.wikipedia.org/wiki/Sant\'Elena',	NULL,	NULL,	NULL,	0,	1,	'2017-01-01 00:00:00',	NULL,	NULL,	NULL),
(181,	1,	181,	'Sao Tome`',	'Sao tome and principe',	'ST',	'STP',	'',	'Z341',	'',	'STP',	'STP',	'https://it.wikipedia.org/wiki/Sao_Tome`',	NULL,	NULL,	NULL,	0,	1,	'2017-01-01 00:00:00',	NULL,	NULL,	NULL),
(182,	1,	182,	'Senegal',	'Senegal',	'SN',	'SEN',	'.sn',	'Z343',	'+221',	'SNG',	'SN',	'https://it.wikipedia.org/wiki/Senegal',	NULL,	NULL,	NULL,	0,	1,	'2017-01-01 00:00:00',	NULL,	NULL,	NULL),
(183,	1,	183,	'Sierra Leone',	'Sierra leone',	'SL',	'SLE',	'.sl',	'Z344',	'+232',	'WAL',	'WAL',	'https://it.wikipedia.org/wiki/Sierra_Leone',	NULL,	NULL,	NULL,	0,	1,	'2017-01-01 00:00:00',	NULL,	NULL,	NULL),
(184,	3,	86,	'Sikkim',	'',	'',	'',	'',	'Z239',	'',	NULL,	NULL,	'https://it.wikipedia.org/wiki/Sikkim',	NULL,	NULL,	NULL,	0,	1,	'2017-01-01 00:00:00',	NULL,	NULL,	NULL),
(185,	3,	185,	'Singapore',	'Singapore',	'SG',	'SGP',	'',	'Z230',	'+65',	'SGP',	'SGP',	'https://it.wikipedia.org/wiki/Singapore',	NULL,	NULL,	NULL,	0,	1,	'2017-01-01 00:00:00',	NULL,	NULL,	NULL),
(186,	3,	186,	'Siria',	'Syria',	'SY',	'SYR',	'.sy',	'Z240',	'+963',	'SYR',	'SYR',	'https://it.wikipedia.org/wiki/Siria',	NULL,	NULL,	NULL,	0,	1,	'2017-01-01 00:00:00',	NULL,	NULL,	NULL),
(187,	1,	187,	'Somalia',	'Somalia',	'SO',	'SOM',	'.so',	'Z345',	'+252',	'SOM',	'SP',	'https://it.wikipedia.org/wiki/Somalia',	NULL,	NULL,	NULL,	0,	1,	'2017-01-01 00:00:00',	NULL,	NULL,	NULL),
(188,	1,	188,	'Somalia Francese',	'',	'',	'',	'',	'Z346',	'',	NULL,	NULL,	'https://it.wikipedia.org/wiki/Somalia_Francese',	NULL,	NULL,	NULL,	0,	1,	'2017-01-01 00:00:00',	NULL,	NULL,	NULL),
(189,	4,	189,	'Spagna',	'Spain',	'ES',	'ESP',	'.es',	'Z131',	'+34',	'EEE',	'E',	'https://it.wikipedia.org/wiki/Spagna',	NULL,	NULL,	NULL,	0,	1,	'2017-01-01 00:00:00',	NULL,	NULL,	NULL),
(190,	6,	190,	'Stati Uniti',	'United states',	'US',	'USA',	'',	'Z404',	'+1',	'USA',	'USA',	'https://it.wikipedia.org/wiki/Stati_Uniti',	NULL,	NULL,	NULL,	0,	1,	'2017-01-01 00:00:00',	NULL,	NULL,	NULL),
(191,	1,	191,	'Sudan',	'Sudan',	'SD',	'SDN',	'',	'Z348',	'+249',	'SUD',	'FS',	'https://it.wikipedia.org/wiki/Sudan',	NULL,	NULL,	NULL,	0,	1,	'2017-01-01 00:00:00',	NULL,	NULL,	NULL),
(192,	4,	192,	'Svezia',	'Sweden',	'SE',	'SWE',	'.se',	'Z132',	'+46',	'SSS',	'S',	'https://it.wikipedia.org/wiki/Svezia',	NULL,	NULL,	NULL,	0,	1,	'2017-01-01 00:00:00',	NULL,	NULL,	NULL),
(193,	4,	193,	'Svizzera',	'Switzerland',	'CH',	'CHE',	'.ch',	'Z133',	'+41',	'CHZ',	'CH',	'https://it.wikipedia.org/wiki/Svizzera',	NULL,	NULL,	NULL,	0,	1,	'2017-01-01 00:00:00',	NULL,	NULL,	NULL),
(194,	1,	194,	'Swaziland',	'Swaziland',	'SZ',	'SWZ',	'.sz',	'Z349',	'+268',	'SDZ',	'SD',	'https://it.wikipedia.org/wiki/Swaziland',	NULL,	NULL,	NULL,	0,	1,	'2017-01-01 00:00:00',	NULL,	NULL,	NULL),
(195,	1,	195,	'Tanganica',	'',	'',	'',	'',	'Z350',	'',	NULL,	NULL,	'https://it.wikipedia.org/wiki/Tanganica',	NULL,	NULL,	NULL,	0,	1,	'2017-01-01 00:00:00',	NULL,	NULL,	NULL),
(196,	3,	196,	'Thailandia',	'Thailand',	'TH',	'THA',	'',	'Z241',	'+66',	'TTT',	'T',	'https://it.wikipedia.org/wiki/Thailandia',	NULL,	NULL,	NULL,	0,	1,	'2017-01-01 00:00:00',	NULL,	NULL,	NULL),
(197,	3,	197,	'Timor',	'Timor-est',	'TL',	'TLS',	'tp',	'Z242',	'+670',	'TIM',	'TMP',	'https://it.wikipedia.org/wiki/Timor',	NULL,	NULL,	NULL,	0,	1,	'2017-01-01 00:00:00',	NULL,	NULL,	NULL),
(198,	1,	198,	'Togo',	'Togo',	'TG',	'TGO',	'.tg',	'Z351',	'+228',	'TGO',	'RT',	'https://it.wikipedia.org/wiki/Togo',	NULL,	NULL,	NULL,	0,	1,	'2017-01-01 00:00:00',	NULL,	NULL,	NULL),
(199,	5,	153,	'Tokelau',	'Tokelau',	'TK',	'TKL',	'',	'Z727',	'',	NULL,	NULL,	'https://it.wikipedia.org/wiki/Tokelau',	NULL,	NULL,	NULL,	0,	1,	'2017-01-01 00:00:00',	NULL,	NULL,	NULL),
(200,	6,	200,	'Trinidad',	'Trinidad and tobago',	'TT',	'TTO',	'.tt',	'Z612',	'',	'TTG',	'TT',	'https://it.wikipedia.org/wiki/Trinidad',	NULL,	NULL,	NULL,	0,	1,	'2017-01-01 00:00:00',	NULL,	NULL,	NULL),
(201,	1,	201,	'Tunisia',	'Tunisia',	'TN',	'TUN',	'.tn',	'Z352',	'+216',	'TNS',	'TN',	'https://it.wikipedia.org/wiki/Tunisia',	NULL,	NULL,	NULL,	0,	1,	'2017-01-01 00:00:00',	NULL,	NULL,	NULL),
(202,	3,	202,	'Turchia',	'Turkey',	'TR',	'TUR',	'.tr',	'Z243',	'+90',	'TRC',	'TR',	'https://it.wikipedia.org/wiki/Turchia',	NULL,	NULL,	NULL,	0,	1,	'2017-01-01 00:00:00',	NULL,	NULL,	NULL),
(203,	6,	203,	'Turks e Caicos',	'Turks and Caicos Islands',	'TC',	'TCA',	'',	'Z519',	'',	NULL,	NULL,	'https://it.wikipedia.org/wiki/Turks_e_Caicos',	NULL,	NULL,	NULL,	0,	1,	'2017-01-01 00:00:00',	NULL,	NULL,	NULL),
(204,	1,	204,	'Uganda',	'Uganda',	'UG',	'UGA',	'.ug',	'Z353',	'',	'EAU',	'EAU',	'https://it.wikipedia.org/wiki/Uganda',	NULL,	NULL,	NULL,	0,	1,	'2017-01-01 00:00:00',	NULL,	NULL,	NULL),
(205,	4,	205,	'Ungheria',	'Hungary',	'HU',	'HUN',	'.hu',	'Z134',	'+36',	'HHH',	'H',	'https://it.wikipedia.org/wiki/Ungheria',	NULL,	NULL,	NULL,	0,	1,	'2017-01-01 00:00:00',	NULL,	NULL,	NULL),
(206,	4,	206,	'Russia - ex Unione Sovietica',	'Russia',	'RU',	'RUS',	'',	'Z135',	'',	'URS',	'SU',	'https://it.wikipedia.org/wiki/Russia_-_ex_Unione_Sovietica',	NULL,	NULL,	NULL,	0,	1,	'2017-01-01 00:00:00',	NULL,	NULL,	NULL),
(207,	7,	207,	'Uruguay',	'Uruguay',	'UY',	'URY',	'uy',	'Z613',	'+598',	'UUU',	'ROU',	'https://it.wikipedia.org/wiki/Uruguay',	NULL,	NULL,	NULL,	0,	1,	'2017-01-01 00:00:00',	NULL,	NULL,	NULL),
(208,	7,	208,	'Venezuela',	'Venezuela',	'VE',	'VEN',	'.ve',	'Z614',	'+58',	'YVZ',	'YV',	'https://it.wikipedia.org/wiki/Venezuela',	NULL,	NULL,	NULL,	0,	1,	'2017-01-01 00:00:00',	NULL,	NULL,	NULL),
(209,	3,	284,	'Vietnam Del Nord',	'',	'',	'',	'',	'Z245',	'',	NULL,	NULL,	'https://it.wikipedia.org/wiki/Vietnam_Del_Nord',	NULL,	NULL,	NULL,	0,	1,	'2017-01-01 00:00:00',	NULL,	NULL,	NULL),
(210,	3,	284,	'Vietnam Del Sud',	'',	'',	'',	'',	'Z244',	'',	NULL,	NULL,	'https://it.wikipedia.org/wiki/Vietnam_Del_Sud',	NULL,	NULL,	NULL,	0,	1,	'2017-01-01 00:00:00',	NULL,	NULL,	NULL),
(211,	1,	211,	'Yemen',	'Yemen',	'YE',	'YEM',	'',	'Z246',	'+967',	'ADN',	'ADN',	'https://it.wikipedia.org/wiki/Yemen',	NULL,	NULL,	NULL,	0,	1,	'2017-01-01 00:00:00',	NULL,	NULL,	NULL),
(212,	1,	212,	'Zambia',	'Zambia',	'ZM',	'ZMB',	'.zm',	'Z355',	'+260',	'ZZZ',	'Z',	'https://it.wikipedia.org/wiki/Zambia',	NULL,	NULL,	NULL,	0,	1,	'2017-01-01 00:00:00',	NULL,	NULL,	NULL),
(213,	1,	261,	'Zanzibar',	'',	'',	'',	'',	'Z356',	'',	NULL,	NULL,	'https://it.wikipedia.org/wiki/Zanzibar',	NULL,	NULL,	NULL,	0,	1,	'2017-01-01 00:00:00',	NULL,	NULL,	NULL),
(214,	NULL,	214,	'(non definito)',	'',	'',	'',	'',	'',	'',	NULL,	NULL,	'https://it.wikipedia.org/wiki/(non_definito)',	NULL,	NULL,	NULL,	0,	1,	'2017-01-01 00:00:00',	NULL,	NULL,	NULL),
(215,	4,	215,	'Croazia',	'Croatia',	'HR',	'HRV',	'.hr',	'Z118',	'+385',	'HRV',	'HR',	'https://it.wikipedia.org/wiki/Croazia',	NULL,	NULL,	NULL,	0,	1,	'2017-01-01 00:00:00',	NULL,	NULL,	NULL),
(216,	4,	216,	'Slovenia',	'Slovenia',	'SI',	'SVN',	'.si',	'',	'+386',	'SLO',	'SLO',	'https://it.wikipedia.org/wiki/Slovenia',	NULL,	NULL,	NULL,	0,	1,	'2017-01-01 00:00:00',	NULL,	NULL,	NULL),
(217,	6,	217,	'Antigua e barbuda',	'Antigua and barbuda',	'AG',	'ATG',	'.ag',	'',	'+1',	NULL,	'AG',	'https://it.wikipedia.org/wiki/Antigua_e_barbuda',	NULL,	NULL,	NULL,	0,	1,	'2017-01-01 00:00:00',	NULL,	NULL,	NULL),
(218,	3,	218,	'Armenia',	'Armenia',	'AM',	'ARM',	'.am',	'',	'+374',	'ARM',	'ARM',	'https://it.wikipedia.org/wiki/Armenia',	NULL,	NULL,	NULL,	0,	1,	'2017-01-01 00:00:00',	NULL,	NULL,	NULL),
(219,	3,	219,	'Azerbaijan',	'Azerbaijan',	'AZ',	'AZE',	'.az',	'',	'+994',	'AZZ',	'AZ',	'https://it.wikipedia.org/wiki/Azerbaijan',	NULL,	NULL,	NULL,	0,	1,	'2017-01-01 00:00:00',	NULL,	NULL,	NULL),
(220,	3,	220,	'Bangladesh',	'Bangladesh',	'BD',	'BGD',	'.bd',	'',	'+880',	'BDH',	'BD',	'https://it.wikipedia.org/wiki/Bangladesh',	NULL,	NULL,	NULL,	0,	1,	'2017-01-01 00:00:00',	NULL,	NULL,	NULL),
(221,	7,	221,	'Barbados',	'Barbados',	'BB',	'BRB',	'.bb',	'',	'+1',	'BDS',	'BDS',	'https://it.wikipedia.org/wiki/Barbados',	NULL,	NULL,	NULL,	0,	1,	'2017-01-01 00:00:00',	NULL,	NULL,	NULL),
(222,	4,	222,	'Bielorussia',	'Belarus',	'BY',	'BLR',	'.by',	'',	'+375',	'BYY',	'BY',	'https://it.wikipedia.org/wiki/Belarus',	NULL,	NULL,	NULL,	0,	1,	'2017-01-01 00:00:00',	NULL,	NULL,	NULL),
(223,	6,	223,	'Belize',	'Belize',	'BZ',	'BLZ',	'.bz',	'',	'+501',	'BHZ',	'BH',	'https://it.wikipedia.org/wiki/Belize',	NULL,	NULL,	NULL,	0,	1,	'2017-01-01 00:00:00',	NULL,	NULL,	NULL),
(224,	1,	224,	'Benin',	'Benin',	'BJ',	'BEN',	'.bj',	'',	'+229',	'BEN',	'DY',	'https://it.wikipedia.org/wiki/Benin',	NULL,	NULL,	NULL,	0,	1,	'2017-01-01 00:00:00',	NULL,	NULL,	NULL),
(225,	4,	225,	'Bosnia e herzegovina',	'Bosnia and herzegovina',	'BA',	'BIH',	'.ba',	'',	'+387',	'BIH',	'BIH',	'https://it.wikipedia.org/wiki/Bosnia_e_herzegovina',	NULL,	NULL,	NULL,	0,	1,	'2017-01-01 00:00:00',	NULL,	NULL,	NULL),
(226,	1,	226,	'Botswana',	'Botswana',	'BW',	'BWA',	'',	'',	'',	'RBT',	'RB',	'https://it.wikipedia.org/wiki/Botswana',	NULL,	NULL,	NULL,	0,	1,	'2017-01-01 00:00:00',	NULL,	NULL,	NULL),
(227,	1,	227,	'Burkina faso',	'Burkina faso',	'BF',	'BFA',	'.bf',	'Z354',	'+226',	NULL,	NULL,	'https://it.wikipedia.org/wiki/Burkina_faso',	NULL,	NULL,	NULL,	0,	1,	'2017-01-01 00:00:00',	NULL,	NULL,	NULL),
(230,	1,	230,	'Camerun',	'Cameroon',	'CM',	'CMR',	'.cm',	'',	'+237',	'CAM',	'CAM',	'https://it.wikipedia.org/wiki/Cameroon',	NULL,	NULL,	NULL,	0,	1,	'2017-01-01 00:00:00',	NULL,	NULL,	NULL),
(232,	1,	232,	'Djibouti',	'Djibouti',	'DJ',	'DJI',	'.dj',	'',	'+253',	NULL,	'DJI',	'https://it.wikipedia.org/wiki/Djibouti',	NULL,	NULL,	NULL,	0,	1,	'2017-01-01 00:00:00',	NULL,	NULL,	NULL),
(233,	7,	233,	'Guyana',	'Guyana',	'GY',	'GUY',	'.gy',	'',	'+592',	'GUY',	'GUY',	'https://it.wikipedia.org/wiki/Guyana',	NULL,	NULL,	NULL,	0,	1,	'2017-01-01 00:00:00',	NULL,	NULL,	NULL),
(234,	6,	234,	'Dominica',	'Dominica',	'DM',	'DMA',	'.dm',	'',	'',	'WDM',	'WD',	'https://it.wikipedia.org/wiki/Dominica',	NULL,	NULL,	NULL,	0,	1,	'2017-01-01 00:00:00',	NULL,	NULL,	NULL),
(235,	1,	235,	'Guinea Equatoriale',	'Equatorial guinea',	'GQ',	'GNQ',	'.gq',	'',	'+240',	'',	'GQ',	'https://it.wikipedia.org/wiki/Guinea_Equatoriale',	NULL,	NULL,	NULL,	0,	1,	'2017-01-01 00:00:00',	NULL,	NULL,	NULL),
(236,	1,	236,	'Eritrea',	'Eritrea',	'ER',	'ERI',	'.er',	'Z315',	'+291',	'EAS',	'ERI',	'https://it.wikipedia.org/wiki/Eritrea',	NULL,	NULL,	NULL,	0,	1,	'2017-01-01 00:00:00',	NULL,	NULL,	NULL),
(237,	4,	237,	'Estonia',	'Estonia',	'EE',	'EST',	'.ee',	'',	'+372',	'EST',	'EST',	'https://it.wikipedia.org/wiki/Estonia',	NULL,	NULL,	NULL,	0,	1,	'2017-01-01 00:00:00',	NULL,	NULL,	NULL),
(238,	4,	238,	'Georgia',	'Georgia',	'GE',	'GEO',	'.ge',	'',	'+995',	'GEO',	'GEO',	'https://it.wikipedia.org/wiki/Georgia',	NULL,	NULL,	NULL,	0,	1,	'2017-01-01 00:00:00',	NULL,	NULL,	NULL),
(239,	6,	239,	'Grenada',	'Grenada',	'GD',	'GRD',	'.gd',	'',	'',	'WGN',	'WG',	'https://it.wikipedia.org/wiki/Grenada',	NULL,	NULL,	NULL,	0,	1,	'2017-01-01 00:00:00',	NULL,	NULL,	NULL),
(240,	1,	240,	'Guinea-bissau',	'Guinea-bissau',	'GW',	'GNB',	'',	'',	'',	'GUP',	'GBS',	'https://it.wikipedia.org/wiki/Guinea-bissau',	NULL,	NULL,	NULL,	0,	1,	'2017-01-01 00:00:00',	NULL,	NULL,	NULL),
(241,	3,	241,	'Kazakistan',	'Kazakistan',	'KZ',	'KAZ',	'',	'',	'+7',	'KAZ',	'KE',	'https://it.wikipedia.org/wiki/Kazakistan',	NULL,	NULL,	NULL,	0,	1,	'2017-01-01 00:00:00',	NULL,	NULL,	NULL),
(242,	5,	242,	'Kiribati',	'Kiribati',	'KI',	'KIR',	'.ki',	'',	'+686',	NULL,	'KIR',	'https://it.wikipedia.org/wiki/Kiribati',	NULL,	NULL,	NULL,	0,	1,	'2017-01-01 00:00:00',	NULL,	NULL,	NULL),
(243,	3,	243,	'Kyrgyzstan',	'Kyrgyzstan',	'KG',	'KGZ',	'.kg',	'',	'+996',	NULL,	'KS',	'https://it.wikipedia.org/wiki/Kyrgyzstan',	NULL,	NULL,	NULL,	0,	1,	'2017-01-01 00:00:00',	NULL,	NULL,	NULL),
(244,	4,	244,	'Lettonia',	'Latvia',	'LV',	'LVA',	'.lv',	'Z103',	'+371',	'LVA',	'LV',	'https://it.wikipedia.org/wiki/Latvia',	NULL,	NULL,	NULL,	0,	1,	'2017-01-01 00:00:00',	NULL,	NULL,	NULL),
(245,	4,	245,	'Lesotho',	'Lesotho',	'LS',	'LSO',	'.ls',	'',	'+266',	'LST',	'LS',	'https://it.wikipedia.org/wiki/Lesotho',	NULL,	NULL,	NULL,	0,	1,	'2017-01-01 00:00:00',	NULL,	NULL,	NULL),
(246,	4,	246,	'Lituania',	'Lithuania',	'LT',	'LTU',	'.lt',	'',	'+370',	'LTU',	'LT',	'https://it.wikipedia.org/wiki/Lituania',	NULL,	NULL,	NULL,	0,	1,	'2017-01-01 00:00:00',	NULL,	NULL,	NULL),
(247,	4,	247,	'Macedonia',	'Macedonia',	'MK',	'MKD',	'.mk',	'',	'+389',	'MKD',	'MK',	'https://it.wikipedia.org/wiki/Macedonia',	NULL,	NULL,	NULL,	0,	1,	'2017-01-01 00:00:00',	NULL,	NULL,	NULL),
(248,	5,	248,	'Micronesia',	'Micronesia',	'FM',	'FSM',	'.fm',	'',	'+691',	NULL,	'FSM',	'https://it.wikipedia.org/wiki/Micronesia',	NULL,	NULL,	NULL,	0,	1,	'2017-01-01 00:00:00',	NULL,	NULL,	NULL),
(249,	4,	249,	'Moldova',	'Moldova',	'MD',	'MDA',	'.md',	'',	'+373',	'MDA',	'MD',	'https://it.wikipedia.org/wiki/Moldova',	NULL,	NULL,	NULL,	0,	1,	'2017-01-01 00:00:00',	NULL,	NULL,	NULL),
(250,	1,	250,	'Namibia',	'Namibia',	'NA',	'NAM',	'',	'',	'',	'NAM',	'NAM',	'https://it.wikipedia.org/wiki/Namibia',	NULL,	NULL,	NULL,	0,	1,	'2017-01-01 00:00:00',	NULL,	NULL,	NULL),
(252,	5,	252,	'Palau',	'Palau',	'PW',	'PLW',	'',	'',	'',	NULL,	NULL,	'https://it.wikipedia.org/wiki/Palau',	NULL,	NULL,	NULL,	0,	1,	'2017-01-01 00:00:00',	NULL,	NULL,	NULL),
(254,	6,	254,	'Saint lucia',	'Saint lucia',	'LC',	'LCA',	'.lc',	'',	'',	'WLL',	'WL',	'https://it.wikipedia.org/wiki/Saint_lucia',	NULL,	NULL,	NULL,	0,	1,	'2017-01-01 00:00:00',	NULL,	NULL,	NULL),
(255,	7,	255,	'Saint vincent e the grenadin',	'Saint vincent and the grenadin',	'VC',	'VCT',	'.vc',	'WVC',	'WV',	'',	'WV',	'https://it.wikipedia.org/wiki/Saint_vincent_e_the_grenadin',	NULL,	NULL,	NULL,	0,	1,	'2017-01-01 00:00:00',	NULL,	NULL,	NULL),
(256,	4,	256,	'Slovacchia',	'Slovakia',	'SK',	'SVK',	'.sk',	'',	'+421',	'SKV',	'SK',	'https://it.wikipedia.org/wiki/Slovacchia',	NULL,	NULL,	NULL,	0,	1,	'2017-01-01 00:00:00',	NULL,	NULL,	NULL),
(257,	3,	257,	'Sri lanka',	'Sri lanka',	'LK',	'LKA',	'',	'',	'',	'CLM',	'CL',	'https://it.wikipedia.org/wiki/Sri_lanka',	NULL,	NULL,	NULL,	0,	1,	'2017-01-01 00:00:00',	NULL,	NULL,	NULL),
(258,	7,	258,	'Suriname',	'Suriname',	'SR',	'SUR',	'.sr',	'',	'+597',	'SME',	'AHO',	'https://it.wikipedia.org/wiki/Suriname',	NULL,	NULL,	NULL,	0,	1,	'2017-01-01 00:00:00',	NULL,	NULL,	NULL),
(259,	3,	259,	'Taiwan',	'Taiwan (Republic of China)',	'TW',	'TWN',	'',	'',	'',	'RCW',	'RC',	'https://it.wikipedia.org/wiki/Taiwan',	NULL,	NULL,	NULL,	0,	1,	'2017-01-01 00:00:00',	NULL,	NULL,	NULL),
(260,	3,	260,	'Tajikistan',	'Tajikistan',	'TJ',	'TJK',	'',	'',	'',	NULL,	NULL,	'https://it.wikipedia.org/wiki/Tajikistan',	NULL,	NULL,	NULL,	0,	1,	'2017-01-01 00:00:00',	NULL,	NULL,	NULL),
(261,	1,	261,	'Tanzania',	'Tanzania, United Republic Of',	'TZ',	'TZA',	'.tz',	'',	'',	'EAT',	'EAT',	'https://it.wikipedia.org/wiki/Tanzania',	NULL,	NULL,	NULL,	0,	1,	'2017-01-01 00:00:00',	NULL,	NULL,	NULL),
(262,	3,	262,	'Turkmenistan',	'Turkmenistan',	'TM',	'TKM',	'.tm',	'',	'+993',	NULL,	'TM',	'https://it.wikipedia.org/wiki/Turkmenistan',	NULL,	NULL,	NULL,	0,	1,	'2017-01-01 00:00:00',	NULL,	NULL,	NULL),
(263,	5,	263,	'Tuvalu',	'Tuvalu',	'TV',	'TUV',	'.tv',	'',	'+688',	NULL,	'TUV',	'https://it.wikipedia.org/wiki/Tuvalu',	NULL,	NULL,	NULL,	0,	1,	'2017-01-01 00:00:00',	NULL,	NULL,	NULL),
(264,	4,	264,	'Ucraina',	'Ukraine',	'UA',	'UKR',	'.ua',	'',	'+380',	'UKR',	'UA',	'https://it.wikipedia.org/wiki/Ucraina',	NULL,	NULL,	NULL,	0,	1,	'2017-01-01 00:00:00',	NULL,	NULL,	NULL),
(265,	3,	265,	'Emirati Arabi Uniti',	'United Arab Emirates',	'AE',	'ARE',	'',	'',	'+971',	'UAE',	'UAE',	'https://it.wikipedia.org/wiki/Emirati_Arabi_Uniti',	NULL,	NULL,	NULL,	0,	1,	'2017-01-01 00:00:00',	NULL,	NULL,	NULL),
(267,	3,	267,	'Uzbekistan',	'Uzbekistan',	'UZ',	'UZB',	'.uz',	'',	'+998',	'UZB',	'UZ',	'https://it.wikipedia.org/wiki/Uzbekistan',	NULL,	NULL,	NULL,	0,	1,	'2017-01-01 00:00:00',	NULL,	NULL,	NULL),
(268,	1,	268,	'Zimbabwe',	'Zimbabwe',	'ZW',	'ZWE',	'.zw',	'',	'+263',	'ZIM',	'ZW',	'https://it.wikipedia.org/wiki/Zimbabwe',	NULL,	NULL,	NULL,	0,	1,	'2017-01-01 00:00:00',	NULL,	NULL,	NULL),
(269,	5,	269,	'Vanuatu',	'Vanuatu',	'VU',	'VUT',	'.vu',	'',	'+678',	NULL,	'VAN',	'https://it.wikipedia.org/wiki/Vanuatu',	NULL,	NULL,	NULL,	0,	1,	'2017-01-01 00:00:00',	NULL,	NULL,	NULL),
(270,	7,	270,	'Aruba',	'Aruba',	'AW',	'ABW',	'aw',	'',	'+297',	NULL,	NULL,	'https://it.wikipedia.org/wiki/Aruba',	NULL,	NULL,	NULL,	0,	1,	'2017-01-01 00:00:00',	NULL,	NULL,	NULL),
(272,	6,	70,	'Anguilla',	'Anguilla',	'AI',	'AIA',	'',	'',	'',	'ANL',	'AIA',	'https://it.wikipedia.org/wiki/Anguilla',	NULL,	NULL,	NULL,	0,	1,	'2017-01-01 00:00:00',	NULL,	NULL,	NULL),
(273,	4,	49,	'Isole Faroe',	'Faroe Islands',	'FO',	'FRO',	'',	'',	'',	NULL,	NULL,	'https://it.wikipedia.org/wiki/Isole_Faroe',	NULL,	NULL,	NULL,	0,	1,	'2017-01-01 00:00:00',	NULL,	NULL,	NULL),
(274,	2,	70,	'South Georgia and the South Sandwich Islands',	'South Georgia and the South Sandwich Islands',	'GS',	'SGS',	'',	'',	'',	NULL,	NULL,	'https://it.wikipedia.org/wiki/South_Georgia_and_the_South_Sandwich_Islands',	NULL,	NULL,	NULL,	0,	1,	'2017-01-01 00:00:00',	NULL,	NULL,	NULL),
(275,	6,	275,	'Saint Kitts and Nevis',	'Saint Kitts and Nevis',	'KN',	'KNA',	'.kn',	'',	'',	NULL,	'SCN',	'https://it.wikipedia.org/wiki/Saint_Kitts_and_Nevis',	NULL,	NULL,	NULL,	0,	1,	'2017-01-01 00:00:00',	NULL,	NULL,	NULL),
(276,	3,	22,	'Myanmar',	'Myanmar',	'MM',	'MMR',	'.mm',	'Z206',	'+95',	'BUR',	'MYA',	'https://it.wikipedia.org/wiki/Myanmar',	NULL,	NULL,	NULL,	0,	1,	'2017-01-01 00:00:00',	NULL,	NULL,	NULL),
(277,	5,	70,	'Montserrat',	'Montserrat',	'MS',	'MSR',	'',	'',	'',	NULL,	NULL,	'https://it.wikipedia.org/wiki/Montserrat',	NULL,	NULL,	NULL,	0,	1,	'2017-01-01 00:00:00',	NULL,	NULL,	NULL),
(278,	5,	153,	'Niue',	'Niue',	'NU',	'NIU',	'',	'',	'',	NULL,	NULL,	'https://it.wikipedia.org/wiki/Niue',	NULL,	NULL,	NULL,	0,	1,	'2017-01-01 00:00:00',	NULL,	NULL,	NULL),
(279,	4,	150,	'Svalbard e Jan Mayen',	'Svalbard and Jan Mayen',	'SJ',	'SJM',	'',	'',	'',	NULL,	NULL,	'https://it.wikipedia.org/wiki/Svalbard_e_Jan_Mayen',	NULL,	NULL,	NULL,	0,	1,	'2017-01-01 00:00:00',	NULL,	NULL,	NULL),
(280,	2,	59,	'French Southern Territories',	'French Southern Territories',	'TF',	'ATF',	'',	'',	'',	NULL,	NULL,	'https://it.wikipedia.org/wiki/French_Southern_Territories',	NULL,	NULL,	NULL,	0,	1,	'2017-01-01 00:00:00',	NULL,	NULL,	NULL),
(281,	6,	281,	'Isole Vergini Britanniche',	'Virgin Islands, British',	'VG',	'VGB',	'',	'',	'',	NULL,	NULL,	'https://it.wikipedia.org/wiki/Isole_Vergini_Britanniche',	NULL,	NULL,	NULL,	0,	1,	'2017-01-01 00:00:00',	NULL,	NULL,	NULL),
(282,	1,	59,	'Mayotte',	'Mayotte',	'YT',	'MYT',	'',	'',	'',	NULL,	NULL,	'https://it.wikipedia.org/wiki/Mayotte',	NULL,	NULL,	NULL,	0,	1,	'2017-01-01 00:00:00',	NULL,	NULL,	NULL),
(283,	4,	283,	'Germania',	'Germany',	'DE',	'DEU',	'',	'',	'+49',	'DDD',	'D',	'https://it.wikipedia.org/wiki/Germania',	NULL,	NULL,	NULL,	0,	1,	'2017-01-01 00:00:00',	NULL,	NULL,	NULL),
(284,	3,	284,	'Vietnam',	'Vietnam',	'VN',	'VNM',	'.vn',	'',	'+84',	'RPV',	'VN',	'https://it.wikipedia.org/wiki/Vietnam',	NULL,	NULL,	NULL,	0,	1,	'2017-01-01 00:00:00',	NULL,	NULL,	NULL),
(285,	5,	285,	'Papua Nuova Guinea',	'Papua new guinea',	'PG',	'PNG',	'',	'',	'',	'',	'',	'https://it.wikipedia.org/wiki/Papua_Nuova_Guinea',	NULL,	NULL,	NULL,	0,	1,	'2017-01-01 00:00:00',	NULL,	NULL,	NULL),
(286,	4,	286,	'Serbia',	'SERBIA E MONTENEGRO (fino al 02/06/2006)',	'RS',	'SRB',	'.rs',	'Z157',	'+381',	'YUG',	'YU',	'https://it.wikipedia.org/wiki/Serbia',	NULL,	NULL,	NULL,	0,	1,	'2017-01-01 00:00:00',	NULL,	NULL,	NULL),
(287,	3,	287,	'Palestina',	'Dawlat Filastin',	'PS',	'PSE',	'.ps',	'Z161',	'+970',	NULL,	'PS',	'https://it.wikipedia.org/wiki/Palestina',	NULL,	NULL,	NULL,	0,	1,	'2017-01-01 00:00:00',	NULL,	NULL,	NULL),
(288,	4,	NULL,	'Repubblica Ceca ',	'Czech republic',	'',	'',	'',	'Z105',	'+42',	'CZH',	'CZ',	'https://it.wikipedia.org/wiki/Ceca',	NULL,	NULL,	NULL,	0,	1,	'2017-01-01 00:00:00',	NULL,	NULL,	NULL);

DROP TABLE IF EXISTS `t_geo29_nations_wiki`;
CREATE TABLE `t_geo29_nations_wiki` (
  `wiki` varchar(100) COLLATE utf8mb4_unicode_ci NOT NULL DEFAULT '',
  `nation` varchar(45) COLLATE utf8mb4_unicode_ci NOT NULL DEFAULT '',
  `longName` varchar(255) COLLATE utf8mb4_unicode_ci NOT NULL DEFAULT '',
  `population` mediumint(8) unsigned DEFAULT NULL,
  `iso3166Alpha2` char(2) COLLATE utf8mb4_unicode_ci DEFAULT NULL,
  `iso3166Alpha3` char(3) COLLATE utf8mb4_unicode_ci DEFAULT NULL,
  `iso3166Numeric` char(3) COLLATE utf8mb4_unicode_ci DEFAULT NULL,
  `internetTLD` char(3) COLLATE utf8mb4_unicode_ci DEFAULT NULL,
  `areaCode` varchar(15) COLLATE utf8mb4_unicode_ci DEFAULT NULL,
  `licensePlate` char(3) COLLATE utf8mb4_unicode_ci DEFAULT NULL,
  `lastVerify` timestamp NULL DEFAULT NULL,
  `ignore` tinyint(1) unsigned NOT NULL DEFAULT '0' COMMENT '0=not ignore; 1=ignore by user; 2=ignore by automatic check',
  PRIMARY KEY (`wiki`),
  KEY `nation` (`nation`),
  KEY `lastVerify` (`lastVerify`),
  KEY `wiki` (`wiki`),
  KEY `ignore` (`ignore`)
) ENGINE=InnoDB DEFAULT CHARSET=utf8mb4 COLLATE=utf8mb4_unicode_ci;

INSERT INTO `t_geo29_nations_wiki` (`wiki`, `nation`, `longName`, `population`, `iso3166Alpha2`, `iso3166Alpha3`, `iso3166Numeric`, `internetTLD`, `areaCode`, `licensePlate`, `lastVerify`, `ignore`) VALUES
('https://it.wikipedia.org/wiki/Abcasia',	'Abcasia',	'Repubblica di Abcasia',	242862,	NULL,	NULL,	NULL,	NULL,	NULL,	'ABH',	'2018-08-04 18:12:29',	0),
('https://it.wikipedia.org/wiki/Afghanistan',	'Afghanistan',	'Repubblica Islamica dell\'Afghanistan',	16777215,	'AF',	'AFG',	'004',	'.af',	'+93',	'201',	NULL,	0),
('https://it.wikipedia.org/wiki/Albania',	'Albania',	'Repubblica d\'Albania',	2876591,	'AL',	'ALB',	'008',	'.al',	'+355',	'201',	NULL,	0),
('https://it.wikipedia.org/wiki/Algeria',	'Algeria',	'Repubblica Popolare Democratica Algerina',	16777215,	'DZ',	'DZA',	'012',	'.dz',	'+213',	'201',	NULL,	0),
('https://it.wikipedia.org/wiki/Andorra',	'Andorra',	'Principato di Andorra',	85458,	'AD',	'AND',	'020',	'.ad',	'+376',	'201',	NULL,	0),
('https://it.wikipedia.org/wiki/Angola',	'Angola',	'Repubblica dell\'Angola',	16777215,	'AO',	'AGO',	'024',	'.ao',	'+244',	'201',	NULL,	0),
('https://it.wikipedia.org/wiki/Antigua_e_Barbuda',	'Antigua e Barbuda',	'Antigua e Barbuda',	91818,	'AG',	'ATG',	'028',	'.ag',	NULL,	'AG',	'2018-08-04 18:52:50',	0),
('https://it.wikipedia.org/wiki/Arabia_Saudita',	'Arabia Saudita',	'Regno dell\'Arabia Saudita',	16777215,	'SA',	'SAU',	'682',	'.sa',	'+966',	'KSA',	'2018-08-04 17:18:58',	0),
('https://it.wikipedia.org/wiki/Argentina',	'Argentina',	'Repubblica Argentina',	16777215,	'AR',	'ARG',	'032',	'.ar',	'+54',	'201',	NULL,	0),
('https://it.wikipedia.org/wiki/Armenia',	'Armenia',	'Repubblica di Armenia',	2974693,	'AM',	'ARM',	'051',	'.am',	'+374',	NULL,	'2018-08-04 18:52:51',	0),
('https://it.wikipedia.org/wiki/Artsakh',	'Artsakh',	'Repubblica dell\'Artsakh',	150000,	NULL,	NULL,	NULL,	NULL,	'+374 47',	NULL,	'2018-08-04 18:12:29',	0),
('https://it.wikipedia.org/wiki/Australia',	'Australia',	'Commonwealth dell\'Australia',	16777215,	'AU',	'AUS',	'036',	'.au',	'+61',	'201',	NULL,	0),
('https://it.wikipedia.org/wiki/Austria',	'Austria',	'Repubblica d\'Austria',	8783198,	'AT',	'AUT',	'040',	'.at',	'+43',	'201',	NULL,	0),
('https://it.wikipedia.org/wiki/Azerbaigian',	'Azerbaigian',	'Repubblica dell\'Azerbaigian',	9624900,	'AZ',	'AZE',	'031',	'.az',	'+994',	'201',	NULL,	0),
('https://it.wikipedia.org/wiki/Bahamas',	'Bahamas',	'Commonwealth delle Bahamas',	388019,	'BS',	'BHS',	'044',	'.bs',	'+1',	'BS',	'2018-08-04 17:08:47',	0),
('https://it.wikipedia.org/wiki/Bahrein',	'Bahrein',	'Regno del Bahrain',	1425000,	'BH',	'BHR',	'048',	'.bh',	'+973',	'BRN',	'2018-08-04 17:08:47',	0),
('https://it.wikipedia.org/wiki/Bangladesh',	'Bangladesh',	'Repubblica Popolare del Bangladesh',	16777215,	'BD',	'BGD',	'050',	'.bd',	'+880',	'BD',	'2018-08-04 17:08:47',	0),
('https://it.wikipedia.org/wiki/Barbados',	'Barbados',	'',	284215,	'BB',	'BRB',	'052',	'.bb',	NULL,	'BDS',	'2018-08-04 18:52:53',	0),
('https://it.wikipedia.org/wiki/Belgio',	'Belgio',	'Regno del Belgio',	11358357,	'BE',	'BEL',	'056',	'.be',	'+32',	'B',	'2018-08-04 17:08:48',	0),
('https://it.wikipedia.org/wiki/Belize',	'Belize',	'',	377968,	'BZ',	'BLZ',	'084',	'.bz',	'+501',	NULL,	'2018-08-04 18:52:54',	0),
('https://it.wikipedia.org/wiki/Benin',	'Benin',	'Repubblica del Benin',	8849892,	'BJ',	'BEN',	'204',	'.bj',	'+229',	'DY',	'2018-08-04 17:08:48',	0),
('https://it.wikipedia.org/wiki/Bhutan',	'Bhutan',	'Regno del Bhutan',	758340,	'BT',	'BTN',	'064',	'.bt',	'+975',	'BHT',	'2018-08-04 17:08:48',	0),
('https://it.wikipedia.org/wiki/Bielorussia',	'Bielorussia',	'Repubblica di Bielorussia',	9950000,	'BY',	'BLR',	'112',	'.by',	'+375',	'BY',	'2018-08-04 17:08:49',	0),
('https://it.wikipedia.org/wiki/Birmania',	'Birmania',	'Unione di Myanmar',	16777215,	'MM',	'MMR',	'104',	'.mm',	'+95',	'MYA',	'2018-08-04 17:09:14',	0),
('https://it.wikipedia.org/wiki/Bolivia',	'Bolivia',	'Stato Plurinazionale di Bolivia',	10027254,	'BO',	'BOL',	'068',	'.bo',	'+591',	'BOL',	'2018-08-04 17:08:49',	0),
('https://it.wikipedia.org/wiki/Bosnia_ed_Erzegovina',	'Bosnia ed Erzegovina',	'',	3503637,	'BA',	'BIH',	'070',	'.ba',	'+387',	NULL,	'2018-08-04 18:52:56',	0),
('https://it.wikipedia.org/wiki/Botswana',	'Botswana',	'Repubblica del Botswana',	2250260,	'BW',	'BWA',	'072',	'.bw',	'+267',	'BW',	'2018-08-04 17:08:49',	0),
('https://it.wikipedia.org/wiki/Brasile',	'Brasile',	'Repubblica Federale del Brasile',	16777215,	'BR',	'BRA',	'076',	'.br',	'+55',	'BR',	'2018-08-04 17:08:50',	0),
('https://it.wikipedia.org/wiki/Bulgaria',	'Bulgaria',	'Repubblica di Bulgaria',	7101859,	'BG',	'BGR',	'100',	'.bg',	'+359',	'BG',	'2018-08-04 17:08:50',	0),
('https://it.wikipedia.org/wiki/Burkina_Faso',	'Burkina Faso',	'',	16777215,	'BF',	'BFA',	'854',	'.bf',	'+226',	'BF',	'2018-08-04 18:52:57',	0),
('https://it.wikipedia.org/wiki/Burundi',	'Burundi',	'Repubblica del Burundi',	10395931,	'BI',	'BDI',	'108',	'.bi',	'+257',	'BU',	'2018-08-04 17:08:50',	0),
('https://it.wikipedia.org/wiki/Cambogia',	'Cambogia',	'Regno della Cambogia',	14138255,	'KH',	'KHM',	'116',	NULL,	'+855',	'K',	'2018-08-04 18:52:58',	0),
('https://it.wikipedia.org/wiki/Camerun',	'Camerun',	'Repubblica del Camerun',	16777215,	'CM',	'CMR',	'120',	'.cm',	'+237',	'CAM',	'2018-08-04 17:08:51',	0),
('https://it.wikipedia.org/wiki/Canada',	'Canada',	'',	16777215,	'CA',	'CAN',	'124',	'.ca',	'+1',	'CDN',	'2018-08-04 18:52:59',	0),
('https://it.wikipedia.org/wiki/Capo_Verde',	'Capo Verde',	'Repubblica di Capo Verde',	512096,	'CV',	'CPV',	'132',	'.cv',	'+238',	'CV',	'2018-08-04 17:19:06',	0),
('https://it.wikipedia.org/wiki/Ciad',	'Ciad',	'Repubblica del Ciad',	11412107,	'TD',	'TCD',	'148',	'.td',	'+235',	'TCH',	'2018-08-04 17:08:51',	0),
('https://it.wikipedia.org/wiki/Cile',	'Cile',	'Repubblica del Cile',	16777215,	'CL',	'CHL',	'152',	'.cl',	'+56',	'RCH',	'2018-08-04 17:08:52',	0),
('https://it.wikipedia.org/wiki/Cina',	'Cina',	'Repubblica Popolare Cinese',	16777215,	'CN',	'CHN',	'156',	'.cn',	'+86',	'CN',	'2018-08-04 17:08:52',	0),
('https://it.wikipedia.org/wiki/Cipro',	'Cipro',	'Repubblica di Cipro',	1141166,	'CY',	'CYP',	'196',	'.cy',	NULL,	'CY',	'2018-08-04 18:53:01',	0),
('https://it.wikipedia.org/wiki/Cipro_del_Nord',	'Cipro del Nord',	'Repubblica Turca di Cipro del Nord',	286257,	NULL,	NULL,	NULL,	NULL,	NULL,	NULL,	'2018-08-04 18:12:29',	0),
('https://it.wikipedia.org/wiki/Colombia',	'Colombia',	'Repubblica di Colombia',	16777215,	'CO',	'COL',	'170',	'.co',	'+57',	'CO',	'2018-08-04 17:08:53',	0),
('https://it.wikipedia.org/wiki/Comore',	'Comore',	'Unione delle Comore',	734750,	'KM',	'COM',	'174',	'.km',	'+269',	'COM',	'2018-08-04 17:08:53',	0),
('https://it.wikipedia.org/wiki/Corea_del_Nord',	'Corea del Nord',	'Repubblica Democratica Popolare di Corea',	16777215,	'KP',	'PRK',	'408',	'.kp',	'+850',	'KP',	'2018-08-04 17:19:08',	0),
('https://it.wikipedia.org/wiki/Corea_del_Sud',	'Corea del Sud',	'Repubblica di Corea',	16777215,	'KR',	'KOR',	'410',	'.kr',	'+82',	'ROK',	'2018-08-04 17:19:09',	0),
('https://it.wikipedia.org/wiki/Costa_Rica',	'Costa Rica',	'Repubblica di Costa Rica',	4890371,	'CR',	'CRI',	'188',	'.cr',	'+506',	'CR',	'2018-08-04 17:19:09',	0),
('https://it.wikipedia.org/wiki/Croazia',	'Croazia',	'Repubblica di Croazia',	4154200,	'HR',	'HRV',	'191',	'.hr',	'+385',	'HR',	'2018-08-04 17:08:54',	0),
('https://it.wikipedia.org/wiki/Cuba',	'Cuba',	'Repubblica di Cuba',	11239004,	'CU',	'CUB',	'192',	'.cu',	'+53',	'C',	'2018-08-04 17:08:54',	0),
('https://it.wikipedia.org/wiki/Danimarca',	'Danimarca',	'Regno di Danimarca',	5781190,	'DK',	'DNK',	'208',	'.dk',	'+45',	'DK',	'2018-08-04 17:08:54',	0),
('https://it.wikipedia.org/wiki/Dominica',	'Dominica',	'Commonwealth di Dominica',	72324,	'DM',	'DMA',	'212',	'.dm',	NULL,	'WD',	'2018-08-04 18:53:05',	0),
('https://it.wikipedia.org/wiki/Ecuador',	'Ecuador',	'Repubblica dell\'Ecuador',	16444634,	'EC',	'ECU',	'218',	'.ec',	'+593',	'EC',	'2018-08-04 17:08:55',	0),
('https://it.wikipedia.org/wiki/Egitto',	'Egitto',	'Repubblica Araba d\'Egitto',	16777215,	'EG',	'EGY',	'818',	'.eg',	'+20',	'ET',	'2018-08-04 17:08:56',	0),
('https://it.wikipedia.org/wiki/El_Salvador',	'El Salvador',	'Repubblica di El Salvador',	6520675,	'SV',	'SLV',	'222',	'.sv',	'+503',	'ES',	'2018-08-04 17:19:12',	0),
('https://it.wikipedia.org/wiki/Emirati_Arabi_Uniti',	'Emirati Arabi Uniti',	'',	9346000,	'AE',	'ARE',	'784',	NULL,	'+971',	'UAE',	'2018-08-04 18:53:07',	0),
('https://it.wikipedia.org/wiki/Eritrea',	'Eritrea',	'',	6527689,	'ER',	'ERI',	'232',	'.er',	'+291',	'ER',	'2018-08-04 18:53:07',	0),
('https://it.wikipedia.org/wiki/Estonia',	'Estonia',	'',	1341140,	'EE',	'EST',	'233',	'.ee',	'+372',	'EST',	'2018-08-04 18:53:08',	0),
('https://it.wikipedia.org/wiki/Etiopia',	'Etiopia',	'Repubblica Democratica Federale d\'Etiopia',	16777215,	'ET',	'ETH',	'231',	'.et',	'+251',	'ETH',	'2018-08-04 17:08:56',	0),
('https://it.wikipedia.org/wiki/Figi',	'Figi',	'Repubblica delle Isole Figi',	NULL,	'FJ',	'FJI',	'242',	'.fj',	'+679',	'FJI',	'2018-08-04 18:53:09',	0),
('https://it.wikipedia.org/wiki/Filippine',	'Filippine',	'Repubblica delle Filippine',	16777215,	'PH',	'PHL',	'608',	'.ph',	'+63',	'RP',	'2018-08-04 17:08:57',	0),
('https://it.wikipedia.org/wiki/Finlandia',	'Finlandia',	'Repubblica di Finlandia',	5489322,	'FI',	'FIN',	'246',	'.fi',	'+358',	'FIN',	'2018-08-04 17:08:57',	0),
('https://it.wikipedia.org/wiki/Francia',	'Francia',	'Repubblica Francese',	16777215,	'FR',	'FRA',	'250',	'.fr',	NULL,	'F',	'2018-08-04 18:53:10',	0),
('https://it.wikipedia.org/wiki/Gabon',	'Gabon',	'Repubblica Gabonese',	1424906,	'GA',	'GAB',	'266',	'.ga',	'+241',	'G',	'2018-08-04 17:08:58',	0),
('https://it.wikipedia.org/wiki/Gambia',	'Gambia',	'Repubblica del Gambia',	1728394,	'GM',	'GMB',	'270',	'.gm',	'+220',	'WAG',	'2018-08-04 17:08:58',	0),
('https://it.wikipedia.org/wiki/Georgia',	'Georgia',	'',	3718200,	'GE',	'GEO',	'268',	'.ge',	'+995',	'GE',	'2018-08-04 18:53:11',	0),
('https://it.wikipedia.org/wiki/Germania',	'Germania',	'Repubblica Federale di Germania',	16777215,	'DE',	'DEU',	'276',	'.de',	'+49',	'D',	'2018-08-04 17:08:59',	0),
('https://it.wikipedia.org/wiki/Ghana',	'Ghana',	'Repubblica del Ghana',	16777215,	'GH',	'GHA',	'288',	'.gh',	'+233',	'GH',	'2018-08-04 17:08:59',	0),
('https://it.wikipedia.org/wiki/Giamaica',	'Giamaica',	'',	2970340,	'JM',	'JAM',	'388',	'.jm',	NULL,	'JA',	'2018-08-04 18:53:12',	0),
('https://it.wikipedia.org/wiki/Giappone',	'Giappone',	'',	0,	'JP',	'JPN',	'392',	'.jp',	'+81',	'J',	'2018-08-04 18:53:13',	0),
('https://it.wikipedia.org/wiki/Gibuti',	'Gibuti',	'Repubblica di Gibuti',	888716,	'DJ',	'DJI',	'262',	'.dj',	'+253',	'DJI',	'2018-08-04 17:08:59',	0),
('https://it.wikipedia.org/wiki/Giordania',	'Giordania',	'Regno Hascemita di Giordania',	9456000,	'JO',	'JOR',	'400',	'.jo',	'+962',	'HKJ',	'2018-08-04 17:09:00',	0),
('https://it.wikipedia.org/wiki/Grecia',	'Grecia',	'',	10858018,	'GR',	'GRC',	'300',	'.gr',	'+30',	'GR',	'2018-08-04 18:53:14',	0),
('https://it.wikipedia.org/wiki/Grenada',	'Grenada',	'',	104487,	'GD',	'GRD',	'308',	'.gd',	NULL,	'WG',	'2018-08-04 18:53:14',	0),
('https://it.wikipedia.org/wiki/Guatemala',	'Guatemala',	'Repubblica del Guatemala',	16548168,	'GT',	'GTM',	'320',	'.gt',	'+502',	'GCA',	'2018-08-04 17:09:00',	0),
('https://it.wikipedia.org/wiki/Guinea',	'Guinea',	'Repubblica di Guinea',	10628972,	'GN',	'GIN',	'324',	'.gn',	'+224',	NULL,	'2018-08-04 18:53:15',	0),
('https://it.wikipedia.org/wiki/Guinea_Equatoriale',	'Guinea Equatoriale',	'Repubblica della Guinea Equatoriale',	NULL,	'GQ',	'GNQ',	'226',	'.gq',	'+240',	'GQ',	'2018-08-04 18:53:15',	0),
('https://it.wikipedia.org/wiki/Guyana',	'Guyana',	'Repubblica Cooperativa della Guyana',	737718,	'GY',	'GUY',	'328',	'.gy',	'+592',	'GUY',	'2018-08-04 17:09:01',	0),
('https://it.wikipedia.org/wiki/Haiti',	'Haiti',	'Repubblica di Haiti',	10317461,	'HT',	'HTI',	'332',	'.ht',	'+509',	'RH',	'2018-08-04 17:09:01',	0),
('https://it.wikipedia.org/wiki/Honduras',	'Honduras',	'Repubblica dell\'Honduras',	8721014,	'HN',	'HND',	'340',	'.hn',	'+504',	'HN',	'2018-08-04 17:09:02',	0),
('https://it.wikipedia.org/wiki/India',	'India',	'Repubblica dell\'India',	16777215,	'IN',	'IND',	'356',	'.in',	'+91',	'IND',	'2018-08-04 17:09:02',	0),
('https://it.wikipedia.org/wiki/Indonesia',	'Indonesia',	'Repubblica dell\'Indonesia',	16777215,	'ID',	'IDN',	'360',	'.id',	'+62',	'RI',	'2018-08-04 17:09:02',	0),
('https://it.wikipedia.org/wiki/Iran',	'Iran',	'Repubblica Islamica dell\'Iran',	16777215,	'IR',	'IRN',	'364',	'.ir',	'+98',	'IR',	'2018-08-04 17:09:03',	0),
('https://it.wikipedia.org/wiki/Iraq',	'Iraq',	'Repubblica dell\'Iraq',	16777215,	'IQ',	'IRQ',	'368',	'.iq',	'+964',	'IRQ',	'2018-08-04 17:09:03',	0),
('https://it.wikipedia.org/wiki/Irlanda',	'Irlanda',	'Repubblica d\'Irlanda',	4761865,	'IE',	'IRL',	'372',	'.ie',	'+353',	'IRL',	'2018-08-04 17:09:03',	0),
('https://it.wikipedia.org/wiki/Islanda',	'Islanda',	'Repubblica d\'Islanda',	332529,	'IS',	'ISL',	'352',	'.is',	'+354',	'IS',	'2018-08-04 17:09:04',	0),
('https://it.wikipedia.org/wiki/Isole_Marshall',	'Isole Marshall',	'Repubblica delle Isole Marshall',	56429,	'MH',	'MHL',	'584',	'.mh',	'+692',	'MH',	'2018-08-04 17:19:20',	0),
('https://it.wikipedia.org/wiki/Isole_Salomone',	'Isole Salomone',	'',	538148,	'SB',	'SLB',	'090',	'.sb',	'+677',	'SOL',	'2018-08-04 18:53:19',	0),
('https://it.wikipedia.org/wiki/Israele',	'Israele',	'Stato d\'Israele',	8345000,	'IL',	'ISR',	'376',	'.il',	'+972',	'IL',	'2018-08-04 17:09:04',	0),
('https://it.wikipedia.org/wiki/Italia',	'Italia',	'Repubblica Italiana',	16777215,	'IT',	'ITA',	'380',	'.it',	NULL,	'I',	'2018-08-04 18:53:20',	0),
('https://it.wikipedia.org/wiki/Kazakistan',	'Kazakistan',	'Repubblica del Kazakistan',	16777215,	'KZ',	'KAZ',	'398',	NULL,	'+7',	'KZ',	'2018-08-04 18:53:20',	0),
('https://it.wikipedia.org/wiki/Kenya',	'Kenya',	'Repubblica del Kenya',	16777215,	'KE',	'KEN',	'404',	'.ke',	'+254',	'EAK',	'2018-08-04 17:09:05',	0),
('https://it.wikipedia.org/wiki/Kirghizistan',	'Kirghizistan',	'Repubblica del Kirghizistan',	5334223,	'KG',	'KGZ',	'417',	'.kg',	'+996',	'KS',	'2018-08-04 17:09:06',	0),
('https://it.wikipedia.org/wiki/Kiribati',	'Kiribati',	'Repubblica di Kiribati',	110136,	'KI',	'KIR',	'296',	'.ki',	'+686',	'KIR',	'2018-08-04 17:09:06',	0),
('https://it.wikipedia.org/wiki/Kosovo',	'Kosovo',	'Repubblica del Kosovo',	2204838,	NULL,	NULL,	NULL,	NULL,	'+383',	'RKS',	'2018-08-04 18:12:30',	0),
('https://it.wikipedia.org/wiki/Kuwait',	'Kuwait',	'Stato del Kuwait',	4052584,	'KW',	'KWT',	'414',	'.kw',	'+965',	'KWT',	'2018-08-04 17:09:06',	0),
('https://it.wikipedia.org/wiki/Laos',	'Laos',	'Repubblica Popolare Democratica del Laos',	6200894,	'LA',	'LAO',	'418',	'.la',	'+856',	'LAO',	'2018-08-04 17:09:07',	0),
('https://it.wikipedia.org/wiki/Lesotho',	'Lesotho',	'Regno del Lesotho',	2171318,	'LS',	'LSO',	'426',	'.ls',	'+266',	'LS',	'2018-08-04 17:09:07',	0),
('https://it.wikipedia.org/wiki/Lettonia',	'Lettonia',	'Repubblica di Lettonia',	0,	'LV',	'LVA',	'428',	'.lv',	'+371',	'LV',	'2018-08-04 18:13:06',	0),
('https://it.wikipedia.org/wiki/Libano',	'Libano',	'Repubblica Libanese',	4227597,	'LB',	'LBN',	'422',	'.lb',	'+961',	'RL',	'2018-08-04 17:09:08',	0),
('https://it.wikipedia.org/wiki/Liberia',	'Liberia',	'Repubblica di Liberia',	3994122,	'LR',	'LBR',	'430',	'.lr',	'+231',	'LB',	'2018-08-04 17:09:08',	0),
('https://it.wikipedia.org/wiki/Libia',	'Libia',	'Stato della Libia',	6293000,	'LY',	'LBY',	'434',	'.ly',	'+218',	'LAR',	'2018-08-04 17:09:08',	0),
('https://it.wikipedia.org/wiki/Liechtenstein',	'Liechtenstein',	'Principato del Liechtenstein',	37500,	'LI',	'LIE',	'438',	'.li',	'+423',	'FL',	'2018-08-04 17:09:09',	0),
('https://it.wikipedia.org/wiki/Lituania',	'Lituania',	'Repubblica di Lituania',	2849000,	'LT',	'LTU',	'440',	'.lt',	'+370',	'LT',	'2018-08-04 17:09:09',	0),
('https://it.wikipedia.org/wiki/Lussemburgo',	'Lussemburgo',	'Granducato di Lussemburgo',	549680,	'LU',	'LUX',	'442',	'.lu',	'+352',	'L',	'2018-08-04 17:09:09',	0),
('https://it.wikipedia.org/wiki/Madagascar',	'Madagascar',	'Repubblica del Madagascar',	16777215,	'MG',	'MDG',	'450',	'.mg',	'+261',	'RM',	'2018-08-04 17:09:10',	0),
('https://it.wikipedia.org/wiki/Malawi',	'Malawi',	'Repubblica di Malawi',	16362567,	'MW',	'MWI',	'454',	'.mw',	'+265',	'MW',	'2018-08-04 17:09:10',	0),
('https://it.wikipedia.org/wiki/Malaysia',	'Malaysia',	'',	16777215,	'MY',	'MYS',	'458',	NULL,	'+60',	'MAL',	'2018-08-04 18:13:10',	0),
('https://it.wikipedia.org/wiki/Maldive',	'Maldive',	'Repubblica delle Maldive',	392709,	'MV',	'MDV',	'462',	'.mv',	'+960',	'MV',	'2018-08-04 17:09:10',	0),
('https://it.wikipedia.org/wiki/Mali',	'Mali',	'Repubblica del Mali',	16174580,	'ML',	'MLI',	'466',	'.ml',	'+223',	'RMM',	'2018-08-04 17:09:11',	0),
('https://it.wikipedia.org/wiki/Malta',	'Malta',	'Repubblica di Malta',	436947,	'MT',	'MLT',	'470',	'.mt',	NULL,	'M',	'2018-08-04 18:13:11',	0),
('https://it.wikipedia.org/wiki/Marocco',	'Marocco',	'Regno del Marocco',	16777215,	'MA',	'MAR',	'504',	'.ma',	'+212',	'MA',	'2018-08-04 17:09:11',	0),
('https://it.wikipedia.org/wiki/Mauritania',	'Mauritania',	'Repubblica Islamica della Mauritania',	3359185,	'MR',	'MRT',	'478',	'.mr',	'+222',	'RIM',	'2018-08-04 17:09:12',	0),
('https://it.wikipedia.org/wiki/Mauritius',	'Mauritius',	'Repubblica di Mauritius',	1299172,	'MU',	'MUS',	'480',	'.mu',	'+230',	'MS',	'2018-08-04 17:09:12',	0),
('https://it.wikipedia.org/wiki/Messico',	'Messico',	'Stati Uniti Messicani',	16777215,	'MX',	'MEX',	'484',	'.mx',	'+52',	'MEX',	'2018-08-04 17:09:13',	0),
('https://it.wikipedia.org/wiki/Moldavia',	'Moldavia',	'Repubblica Moldava',	2998235,	'MD',	'MDA',	'498',	'.md',	'+373',	'MD',	'2018-08-04 17:09:13',	0),
('https://it.wikipedia.org/wiki/Mongolia',	'Mongolia',	'',	3031330,	'MN',	'MNG',	'496',	NULL,	'+976',	'MNG',	'2018-08-04 18:11:58',	0),
('https://it.wikipedia.org/wiki/Montenegro',	'Montenegro',	'Repubblica del Montenegro',	672180,	'ME',	'MNE',	'499',	'.me',	'+382',	'MNE',	'2018-08-04 17:09:13',	0),
('https://it.wikipedia.org/wiki/Mozambico',	'Mozambico',	'Repubblica del Mozambico',	16777215,	'MZ',	'MOZ',	'508',	'.mz',	'+258',	'MOC',	'2018-08-04 17:09:14',	0),
('https://it.wikipedia.org/wiki/Namibia',	'Namibia',	'Repubblica della Namibia',	2031000,	'NA',	'NAM',	'516',	'.na',	'+264',	'NAM',	'2018-08-04 17:09:14',	0),
('https://it.wikipedia.org/wiki/Nauru',	'Nauru',	'Repubblica di Nauru',	10084,	'NR',	'NRU',	'520',	'.nr',	'+674',	'NAU',	'2018-08-04 17:09:15',	0),
('https://it.wikipedia.org/wiki/Nepal',	'Nepal',	'Repubblica Federale Democratica del Nepal',	16777215,	'NP',	'NPL',	'524',	'.np',	'+977',	'NEP',	'2018-08-04 17:09:15',	0),
('https://it.wikipedia.org/wiki/Nicaragua',	'Nicaragua',	'Repubblica del Nicaragua',	6327927,	'NI',	'NIC',	'558',	'.ni',	'+505',	'NIC',	'2018-08-04 17:09:15',	0),
('https://it.wikipedia.org/wiki/Niger',	'Niger',	'Repubblica del Niger',	16777215,	'NE',	'NER',	'562',	'.ne',	'+227',	'RN',	'2018-08-04 17:09:16',	0),
('https://it.wikipedia.org/wiki/Nigeria',	'Nigeria',	'Repubblica Federale della Nigeria',	16777215,	'NG',	'NGA',	'566',	'.ng',	NULL,	'WAN',	'2018-08-04 18:12:02',	0),
('https://it.wikipedia.org/wiki/Norvegia',	'Norvegia',	'Regno di Norvegia',	5142000,	'NO',	'NOR',	'578',	'.no',	'+47',	'N',	'2018-08-04 17:09:16',	0),
('https://it.wikipedia.org/wiki/Nuova_Zelanda',	'Nuova Zelanda',	'',	4578900,	'NZ',	'NZL',	'554',	'.nz',	'+64',	'NZ',	'2018-08-04 18:12:03',	0),
('https://it.wikipedia.org/wiki/Oman',	'Oman',	'Sultanato di Oman',	3840000,	'OM',	'OMN',	'512',	'.om',	'+968',	'OM',	'2018-08-04 17:09:17',	0),
('https://it.wikipedia.org/wiki/Ossezia_del_Sud',	'Ossezia del Sud',	'Repubblica di Ossezia del Sud',	55000,	NULL,	NULL,	NULL,	NULL,	NULL,	NULL,	'2018-08-04 18:12:30',	0),
('https://it.wikipedia.org/wiki/Paesi_Bassi',	'Paesi Bassi',	'Regno dei Paesi Bassi',	16777215,	'NL',	'NLD',	'528',	'.nl',	'+31',	'NL',	'2018-08-04 17:19:34',	0),
('https://it.wikipedia.org/wiki/Pakistan',	'Pakistan',	'Repubblica Islamica del Pakistan',	16777215,	'PK',	'PAK',	'586',	'.pk',	'+92',	'PK',	'2018-08-04 17:09:17',	0),
('https://it.wikipedia.org/wiki/Papua_Nuova_Guinea',	'Papua Nuova Guinea',	'Stato Indipendente della Papua Nuova Guinea',	7275324,	'PG',	'PNG',	'598',	'.pg',	'+675',	'PNG',	'2018-08-04 17:19:35',	0),
('https://it.wikipedia.org/wiki/Paraguay',	'Paraguay',	'Repubblica del Paraguay',	6454548,	'PY',	'PRY',	'600',	'.py',	'+595',	'PY',	'2018-08-04 17:09:18',	0),
('https://it.wikipedia.org/wiki/Polonia',	'Polonia',	'Repubblica di Polonia',	16777215,	'PL',	'POL',	'616',	'.pl',	'+48',	'PL',	'2018-08-04 17:09:18',	0),
('https://it.wikipedia.org/wiki/Portogallo',	'Portogallo',	'Repubblica Portoghese',	10309573,	'PT',	'PRT',	'620',	'.pt',	'+351',	'P',	'2018-08-04 17:09:18',	0),
('https://it.wikipedia.org/wiki/Principato_di_Monaco',	'Monaco',	'Principato di Monaco',	40000,	'MC',	'MCO',	'492',	'.mc',	'+377',	'MC',	'2018-08-04 17:19:30',	0),
('https://it.wikipedia.org/wiki/Qatar',	'Qatar',	'Stato del Qatar',	2350000,	'QA',	'QAT',	'634',	NULL,	'+974',	'Q',	'2018-08-04 18:12:06',	0),
('https://it.wikipedia.org/wiki/Regno_Unito',	'Regno Unito',	'Regno Unito di Gran Bretagna e Irlanda del Nord',	16777215,	'GB',	'GBR',	'826',	'.uk',	'+44',	'GB',	'2018-08-04 17:19:37',	0),
('https://it.wikipedia.org/wiki/Repubblica_Ceca',	'Rep. Ceca',	'',	10553843,	'CZ',	'CZE',	'203',	'.cz',	'+420',	'CZ',	'2018-08-04 18:12:07',	0),
('https://it.wikipedia.org/wiki/Repubblica_Centrafricana',	'Rep. Centrafricana',	'Repubblica Centrafricana',	5166510,	'CF',	'CAF',	'140',	'.cf',	'+236',	'RCA',	'2018-08-04 17:19:38',	0),
('https://it.wikipedia.org/wiki/Repubblica_del_Congo',	'Rep. del Congo',	'',	5125821,	'CG',	'COG',	'178',	'.cg',	'+242',	'RCB',	'2018-08-04 18:53:02',	0),
('https://it.wikipedia.org/wiki/Repubblica_Democratica_Araba_dei_Sahrawi',	'Sahara Occidentale',	'Repubblica Democratica Araba Sahraui',	587666,	NULL,	NULL,	NULL,	'.ma',	NULL,	NULL,	'2018-08-04 18:12:31',	0),
('https://it.wikipedia.org/wiki/Repubblica_Democratica_del_Congo',	'RD del Congo',	'',	16777215,	'CD',	'COD',	'180',	'.cd',	'+243',	'CGO',	'2018-08-04 18:53:02',	0),
('https://it.wikipedia.org/wiki/Repubblica_di_Macedonia',	'Macedonia',	'Repubblica di Macedonia',	2148716,	'MK',	'MKD',	'807',	'.mk',	'+389',	'MK',	'2018-08-04 17:19:26',	0),
('https://it.wikipedia.org/wiki/Repubblica_Dominicana',	'Rep. Dominicana',	'',	9927320,	'DO',	'DOM',	'214',	'.do',	NULL,	'DOM',	'2018-08-04 18:12:08',	0),
('https://it.wikipedia.org/wiki/Repubblica_Popolare_di_Doneck',	'Repubblica Popolare di Doneck',	'',	2332556,	NULL,	NULL,	NULL,	NULL,	NULL,	NULL,	'2018-08-04 18:12:29',	0),
('https://it.wikipedia.org/wiki/Repubblica_Popolare_di_Lugansk',	'Repubblica Popolare di Lugansk',	'',	1506549,	NULL,	NULL,	NULL,	NULL,	NULL,	NULL,	'2018-08-04 18:12:30',	0),
('https://it.wikipedia.org/wiki/Romania',	'Romania',	'',	16777215,	'RO',	'ROU',	'642',	'.ro',	'+40',	'RO',	'2018-08-04 18:12:09',	0),
('https://it.wikipedia.org/wiki/Ruanda',	'Ruanda',	'Repubblica del Ruanda',	11262564,	'RW',	'RWA',	'646',	'.rw',	'+250',	'RWA',	'2018-08-04 17:09:19',	0),
('https://it.wikipedia.org/wiki/Russia',	'Russia',	'Federazione Russa',	16777215,	'RU',	'RUS',	'643',	'.ru',	'+7',	'RUS',	'2018-08-04 17:09:20',	0),
('https://it.wikipedia.org/wiki/Saint_Kitts_e_Nevis',	'Saint Kitts e Nevis',	'Federazione di Saint Christopher e Nevis',	46325,	'KN',	'KNA',	'659',	'.kn',	NULL,	'SCN',	'2018-08-04 18:12:11',	0),
('https://it.wikipedia.org/wiki/Saint_Lucia',	'Saint Lucia',	'',	174267,	'LC',	'LCA',	'662',	'.lc',	NULL,	'WL',	'2018-08-04 18:12:12',	0),
('https://it.wikipedia.org/wiki/Saint_Vincent_e_Grenadine',	'Saint Vincent e Grenadine',	'',	109333,	'VC',	'VCT',	'670',	'.vc',	NULL,	'WV',	'2018-08-04 18:12:11',	0),
('https://it.wikipedia.org/wiki/Samoa',	'Samoa',	'Stato Indipendente di Samoa',	195843,	'WS',	'WSM',	'882',	'.ws',	'+685',	'WS',	'2018-08-04 17:09:20',	0),
('https://it.wikipedia.org/wiki/San_Marino',	'San Marino',	'Serenissima Repubblica di San Marino',	33328,	'SM',	'SMR',	'674',	'.sm',	NULL,	NULL,	'2018-08-04 18:12:12',	0),
('https://it.wikipedia.org/wiki/Senegal',	'Senegal',	'Repubblica del Senegal',	14133728,	'SN',	'SEN',	'686',	'.sn',	'+221',	'SN',	'2018-08-04 17:09:20',	0),
('https://it.wikipedia.org/wiki/Serbia',	'Serbia',	'Repubblica di Serbia',	7556222,	'RS',	'SRB',	'688',	NULL,	'+381',	'SRB',	'2018-08-04 18:12:13',	0),
('https://it.wikipedia.org/wiki/Seychelles',	'Seychelles',	'Repubblica delle Seychelles',	85033,	'SC',	'SYC',	'690',	'.sc',	'+248',	'SY',	'2018-08-04 17:09:21',	0),
('https://it.wikipedia.org/wiki/Sierra_Leone',	'Sierra Leone',	'Repubblica della Sierra Leone',	5867536,	'SL',	'SLE',	'694',	'.sl',	'+232',	'WAL',	'2018-08-04 17:19:41',	0),
('https://it.wikipedia.org/wiki/Singapore',	'Singapore',	'Repubblica di Singapore',	5535000,	'SG',	'SGP',	'702',	NULL,	NULL,	'SGP',	'2018-08-04 18:12:14',	0),
('https://it.wikipedia.org/wiki/Siria',	'Siria',	'Repubblica Araba di Siria',	16777215,	'SY',	'SYR',	'760',	'.sy',	'+963',	'SYR',	'2018-08-04 17:09:22',	0),
('https://it.wikipedia.org/wiki/Slovacchia',	'Slovacchia',	'Repubblica Slovacca',	5421349,	'SK',	'SVK',	'703',	'.sk',	'+421',	'SK',	'2018-08-04 17:09:22',	0),
('https://it.wikipedia.org/wiki/Slovenia',	'Slovenia',	'Repubblica di Slovenia',	2062874,	'SI',	'SVN',	'705',	'.si',	'+386',	'SLO',	'2018-08-04 17:09:23',	0),
('https://it.wikipedia.org/wiki/Somalia',	'Somalia',	'',	10251568,	'SO',	'SOM',	'706',	'.so',	'+252',	'SP',	'2018-08-04 18:12:15',	0),
('https://it.wikipedia.org/wiki/Somaliland',	'Somaliland',	'Repubblica di Somaliland',	3500000,	NULL,	NULL,	NULL,	'.so',	NULL,	NULL,	'2018-08-04 18:12:31',	0),
('https://it.wikipedia.org/wiki/Spagna',	'Spagna',	'Regno di Spagna',	16777215,	'ES',	'ESP',	'724',	'.es',	'+34',	'E',	'2018-08-04 17:09:23',	0),
('https://it.wikipedia.org/wiki/Sri_Lanka',	'Sri Lanka',	'Repubblica Democratica Socialista dello Sri Lanka',	16777215,	'LK',	'LKA',	'144',	NULL,	'+94',	'CL',	'2018-08-04 18:12:16',	0),
('https://it.wikipedia.org/wiki/Stati_Federati_di_Micronesia',	'Micronesia',	'Stati Federati di Micronesia',	102624,	'FM',	'FSM',	'583',	'.fm',	'+691',	'FSM',	'2018-08-04 17:19:29',	0),
('https://it.wikipedia.org/wiki/Stato_di_Palestina',	'Palestina',	'Stato di Palestina',	0,	'PS',	'PSE',	'275',	'.ps',	'+970',	'PS',	'2018-08-04 18:12:04',	0),
('https://it.wikipedia.org/wiki/Sudafrica',	'Repubblica Sudafricana',	'Repubblica del Sudafrica',	16777215,	'ZA',	'ZAF',	'710',	'.za',	'+27',	'ZA',	'2018-08-04 17:09:19',	0),
('https://it.wikipedia.org/wiki/Sudan',	'Sudan',	'Repubblica del Sudan',	16777215,	'SD',	'SDN',	'729',	NULL,	'+249',	'SUD',	'2018-08-04 18:12:16',	0),
('https://it.wikipedia.org/wiki/Sudan_del_Sud',	'Sudan del Sud',	'Repubblica del Sudan del Sud',	12657941,	'SS',	'SSD',	'728',	'.ss',	'+211',	'SSD',	'2018-08-04 17:19:44',	0),
('https://it.wikipedia.org/wiki/Suriname',	'Suriname',	'Repubblica del Suriname',	543925,	'SR',	'SUR',	'740',	'.sr',	'+597',	'SME',	'2018-08-04 17:09:24',	0),
('https://it.wikipedia.org/wiki/Svezia',	'Svezia',	'Regno di Svezia',	10014900,	'SE',	'SWE',	'752',	'.se',	'+46',	'S',	'2018-08-04 17:09:24',	0),
('https://it.wikipedia.org/wiki/Svizzera',	'Svizzera',	'Confederazione Svizzera',	8417700,	'CH',	'CHE',	'756',	'.ch',	'+41',	'CH',	'2018-08-04 17:09:24',	0),
('https://it.wikipedia.org/wiki/Swaziland',	'Swaziland',	'Regno dello Swaziland',	0,	'SZ',	'SWZ',	'748',	'.sz',	'+268',	'SD',	'2018-08-04 18:12:19',	0),
('https://it.wikipedia.org/wiki/Tagikistan',	'Tagikistan',	'Repubblica del Tagikistan',	6878637,	'TJ',	'TJK',	'762',	'.tj',	'+992',	'TJ',	'2018-08-04 17:09:25',	0),
('https://it.wikipedia.org/wiki/Taiwan',	'Taiwan',	'Repubblica di Cina',	16777215,	'TW',	'TWN',	'158',	'.tw',	'+886',	'RC',	'2018-08-04 17:09:25',	0),
('https://it.wikipedia.org/wiki/Tanzania',	'Tanzania',	'Repubblica Unita di Tanzania',	16777215,	'TZ',	'TZA',	'834',	'.tz',	NULL,	'EAT',	'2018-08-04 18:12:20',	0),
('https://it.wikipedia.org/wiki/Thailandia',	'Thailandia',	'Regno di Thailandia',	16777215,	'TH',	'THA',	'764',	NULL,	'+66',	'T',	'2018-08-04 18:12:21',	0),
('https://it.wikipedia.org/wiki/Timor_Est',	'Timor Est',	'Repubblica Democratica di Timor Est',	1124355,	'TL',	'TLS',	'626',	'.tl',	'+670',	'TL',	'2018-08-04 17:19:47',	0),
('https://it.wikipedia.org/wiki/Togo',	'Togo',	'Repubblica Togolese',	6027798,	'TG',	'TGO',	'768',	'.tg',	'+228',	'TG',	'2018-08-04 17:09:27',	0),
('https://it.wikipedia.org/wiki/Tonga',	'Tonga',	'Regno di Tonga',	104058,	'TO',	'TON',	'776',	'.to',	'+676',	'TON',	'2018-08-04 17:09:27',	0),
('https://it.wikipedia.org/wiki/Transnistria',	'Transnistria',	'Repubblica di Transnistria',	555500,	NULL,	NULL,	NULL,	'.md',	'+373',	NULL,	'2018-08-04 18:12:31',	0),
('https://it.wikipedia.org/wiki/Trinidad_e_Tobago',	'Trinidad e Tobago',	'Repubblica di Trinidad e Tobago',	1341465,	'TT',	'TTO',	'780',	'.tt',	NULL,	'TT',	'2018-08-04 18:12:22',	0),
('https://it.wikipedia.org/wiki/Tunisia',	'Tunisia',	'Repubblica Tunisina',	10982754,	'TN',	'TUN',	'788',	'.tn',	'+216',	'TN',	'2018-08-04 17:09:27',	0),
('https://it.wikipedia.org/wiki/Turchia',	'Turchia',	'Repubblica Turca',	16777215,	'TR',	'TUR',	'792',	'.tr',	'+90',	'TR',	'2018-08-04 17:09:28',	0),
('https://it.wikipedia.org/wiki/Turkmenistan',	'Turkmenistan',	'',	5240072,	'TM',	'TKM',	'795',	'.tm',	'+993',	'TM',	'2018-08-04 18:12:23',	0),
('https://it.wikipedia.org/wiki/Tuvalu',	'Tuvalu',	'',	9827,	'TV',	'TUV',	'798',	'.tv',	'+688',	'TUV',	'2018-08-04 18:12:23',	0),
('https://it.wikipedia.org/wiki/Ucraina',	'Ucraina',	'Ucraina',	16777215,	'UA',	'UKR',	'804',	'.ua',	'+380',	'UA',	'2018-08-04 17:09:28',	0),
('https://it.wikipedia.org/wiki/Uganda',	'Uganda',	'Repubblica dell\'Uganda',	16777215,	'UG',	'UGA',	'800',	'.ug',	NULL,	'EAU',	'2018-08-04 18:12:24',	0),
('https://it.wikipedia.org/wiki/Ungheria',	'Ungheria',	'Ungheria',	9830485,	'HU',	'HUN',	'348',	'.hu',	'+36',	'H',	'2018-08-04 17:09:29',	0),
('https://it.wikipedia.org/wiki/Uruguay',	'Uruguay',	'Repubblica Orientale dell\'Uruguay',	3444006,	'UY',	'URY',	'858',	'.uy',	'+598',	'ROU',	'2018-08-04 17:09:29',	0),
('https://it.wikipedia.org/wiki/Uzbekistan',	'Uzbekistan',	'Repubblica dell\'Uzbekistan',	16777215,	'UZ',	'UZB',	'860',	'.uz',	'+998',	'UZ',	'2018-08-04 17:09:29',	0),
('https://it.wikipedia.org/wiki/Vanuatu',	'Vanuatu',	'Repubblica di Vanuatu',	258301,	'VU',	'VUT',	'548',	'.vu',	'+678',	'VAN',	'2018-08-04 17:09:30',	0),
('https://it.wikipedia.org/wiki/Venezuela',	'Venezuela',	'Repubblica Bolivariana del Venezuela',	16777215,	'VE',	'VEN',	'862',	'.ve',	'+58',	'YV',	'2018-08-04 17:09:30',	0),
('https://it.wikipedia.org/wiki/Vietnam',	'Vietnam',	'Repubblica Socialista del Vietnam',	16777215,	'VN',	'VNM',	'704',	'.vn',	'+84',	'VN',	'2018-08-04 17:09:30',	0),
('https://it.wikipedia.org/wiki/Yemen',	'Yemen',	'Repubblica dello Yemen',	16777215,	'YE',	'YEM',	'887',	NULL,	'+967',	'YAR',	'2018-08-04 18:12:28',	0),
('https://it.wikipedia.org/wiki/Zambia',	'Zambia',	'Repubblica dello Zambia',	13088570,	'ZM',	'ZMB',	'894',	'.zm',	'+260',	'Z',	'2018-08-04 17:09:31',	0),
('https://it.wikipedia.org/wiki/Zimbabwe',	'Zimbabwe',	'Repubblica dello Zimbabwe',	12571454,	'ZW',	'ZWE',	'716',	'.zw',	'+263',	'ZW',	'2018-08-04 17:09:31',	0);

DROP TABLE IF EXISTS `t_geo32_continents`;
CREATE TABLE `t_geo32_continents` (
  `idContinent` tinyint(1) unsigned NOT NULL AUTO_INCREMENT,
  `continent` varchar(11) COLLATE utf8mb4_unicode_ci DEFAULT NULL,
  `wiki` varchar(255) COLLATE utf8mb4_unicode_ci DEFAULT NULL,
  `sortField` smallint(5) unsigned NOT NULL DEFAULT '1',
  `idCreator` mediumint(8) unsigned NOT NULL DEFAULT '1',
  `created` timestamp NOT NULL DEFAULT CURRENT_TIMESTAMP,
  `idModifier` mediumint(8) unsigned DEFAULT NULL,
  `modified` timestamp NULL DEFAULT NULL,
  `deleted` timestamp NULL DEFAULT NULL,
  PRIMARY KEY (`idContinent`)
) ENGINE=InnoDB DEFAULT CHARSET=utf8mb4 COLLATE=utf8mb4_unicode_ci;

INSERT INTO `t_geo32_continents` (`idContinent`, `continent`, `wiki`, `sortField`, `idCreator`, `created`, `idModifier`, `modified`, `deleted`) VALUES
(1,	'Africa',	'https://it.wikipedia.org/wiki/Portale:Africa',	2,	1,	'2017-01-01 00:00:00',	NULL,	NULL,	NULL),
(2,	'Antartide',	'https://it.wikipedia.org/wiki/Portale:Antartide',	3,	1,	'2017-01-01 00:00:00',	NULL,	NULL,	NULL),
(3,	'Asia',	'https://it.wikipedia.org/wiki/Portale:Asia',	4,	1,	'2017-01-01 00:00:00',	NULL,	NULL,	NULL),
(4,	'Europa',	'https://it.wikipedia.org/wiki/Portale:Europa',	1,	1,	'2017-01-01 00:00:00',	NULL,	NULL,	NULL),
(5,	'Oceania',	'https://it.wikipedia.org/wiki/Portale:Oceania',	5,	1,	'2017-01-01 00:00:00',	NULL,	NULL,	NULL),
(6,	'Nordamerica',	'https://it.wikipedia.org/wiki/Portale:America',	6,	1,	'2017-01-01 00:00:00',	NULL,	NULL,	NULL),
(7,	'Sudamerica',	'https://it.wikipedia.org/wiki/Portale:America',	7,	1,	'2017-01-01 00:00:00',	NULL,	NULL,	NULL);

DROP TABLE IF EXISTS `t_mailings`;
CREATE TABLE `t_mailings` (
  `idMailing` smallint(5) unsigned NOT NULL AUTO_INCREMENT,
  `idClient` smallint(5) unsigned NOT NULL,
  `unlockCode` varchar(10) COLLATE utf8mb4_unicode_ci DEFAULT NULL,
  `idTemplateMailing` tinyint(3) unsigned DEFAULT NULL,
  `subject` varchar(100) COLLATE utf8mb4_unicode_ci NOT NULL DEFAULT '',
  `message` text COLLATE utf8mb4_unicode_ci NOT NULL,
  `sortField` smallint(5) unsigned NOT NULL DEFAULT '0',
  `idCreator` mediumint(8) unsigned NOT NULL DEFAULT '1',
  `created` timestamp NOT NULL DEFAULT CURRENT_TIMESTAMP,
  `idModifier` mediumint(8) unsigned DEFAULT NULL,
  `modified` timestamp NULL DEFAULT NULL,
  `archived` timestamp NULL DEFAULT NULL,
  `deleted` timestamp NULL DEFAULT NULL,
  PRIMARY KEY (`idMailing`),
  KEY `idClient` (`idClient`),
  KEY `sortField` (`sortField`),
  KEY `idCreator` (`idCreator`),
  KEY `idModifier` (`idModifier`),
  KEY `archived` (`archived`),
  KEY `deleted` (`deleted`)
) ENGINE=InnoDB DEFAULT CHARSET=utf8mb4 COLLATE=utf8mb4_unicode_ci;


DROP TABLE IF EXISTS `t_mailings_recipients`;
CREATE TABLE `t_mailings_recipients` (
  `idMailingRecipient` mediumint(8) unsigned NOT NULL AUTO_INCREMENT,
  `idMailing` smallint(5) unsigned NOT NULL,
  `recipient` varchar(100) COLLATE utf8mb4_unicode_ci DEFAULT NULL,
  `sended` timestamp NULL DEFAULT NULL,
  `result` varchar(255) COLLATE utf8mb4_unicode_ci DEFAULT NULL,
  `idCreator` mediumint(8) unsigned NOT NULL DEFAULT '1',
  `created` timestamp NOT NULL DEFAULT CURRENT_TIMESTAMP,
  `idModifier` mediumint(8) unsigned DEFAULT NULL,
  `modified` timestamp NULL DEFAULT NULL,
  PRIMARY KEY (`idMailingRecipient`),
  KEY `idMailing` (`idMailing`),
  KEY `idCreator` (`idCreator`),
  KEY `idModifier` (`idModifier`),
  CONSTRAINT `t_mailings_recipients_ibfk_1` FOREIGN KEY (`idMailing`) REFERENCES `t_mailings` (`idMailing`) ON DELETE CASCADE ON UPDATE CASCADE
) ENGINE=InnoDB DEFAULT CHARSET=utf8mb4 COLLATE=utf8mb4_unicode_ci;


DROP TABLE IF EXISTS `t_onwork_services`;
CREATE TABLE `t_onwork_services` (
  `idOnworkService` int(10) unsigned NOT NULL AUTO_INCREMENT,
  `onworkService` varchar(100) COLLATE utf8mb4_unicode_ci NOT NULL,
  `type` enum('html','http','mysql','pec_forward','ping','smtp') COLLATE utf8mb4_unicode_ci NOT NULL DEFAULT 'html',
  `ip` varchar(500) COLLATE utf8mb4_unicode_ci DEFAULT NULL,
  `port` smallint(5) unsigned DEFAULT NULL,
  `pattern` varchar(500) COLLATE utf8mb4_unicode_ci DEFAULT NULL,
  `status` enum('on','off','waiting') COLLATE utf8mb4_unicode_ci NOT NULL DEFAULT 'on',
  `lastError` varchar(500) COLLATE utf8mb4_unicode_ci DEFAULT NULL,
  `responseTime` float(9,7) unsigned DEFAULT NULL,
  `lastStatusON` timestamp NULL DEFAULT NULL,
  `lastCheck` timestamp NULL DEFAULT NULL,
  `check` tinyint(1) unsigned NOT NULL DEFAULT '1',
  `timeLimit` tinyint(3) unsigned NOT NULL DEFAULT '5',
  `commandOnError` text COLLATE utf8mb4_unicode_ci,
  `username` varchar(100) COLLATE utf8mb4_unicode_ci DEFAULT NULL,
  `password` varchar(100) COLLATE utf8mb4_unicode_ci DEFAULT NULL,
  PRIMARY KEY (`idOnworkService`),
  UNIQUE KEY `OnworkService` (`onworkService`),
  KEY `Status` (`status`),
  KEY `check` (`check`)
) ENGINE=InnoDB DEFAULT CHARSET=utf8mb4 COLLATE=utf8mb4_unicode_ci;

DROP TABLE IF EXISTS `t_onwork_services_checks`;
CREATE TABLE `t_onwork_services_checks` (
  `idOnworkServicesCheck` bigint(20) unsigned NOT NULL AUTO_INCREMENT,
  `idOnworkService` int(10) unsigned NOT NULL,
  `dateCheck` timestamp NOT NULL DEFAULT CURRENT_TIMESTAMP ON UPDATE CURRENT_TIMESTAMP,
  `status` enum('on','off','waiting') COLLATE utf8mb4_unicode_ci NOT NULL DEFAULT 'on',
  `timeLatency` float(9,7) DEFAULT NULL,
  PRIMARY KEY (`idOnworkServicesCheck`),
  KEY `DateCheck` (`dateCheck`),
  KEY `Status` (`status`),
  KEY `idOnworkService` (`idOnworkService`),
  CONSTRAINT `t_onwork_services_checks_ibfk_1` FOREIGN KEY (`idOnworkService`) REFERENCES `t_onwork_services` (`idOnworkService`) ON DELETE CASCADE ON UPDATE CASCADE
) ENGINE=InnoDB DEFAULT CHARSET=utf8mb4 COLLATE=utf8mb4_unicode_ci;


DROP TABLE IF EXISTS `t_onwork_services_users`;
CREATE TABLE `t_onwork_services_users` (
  `idOnworkServiceUser` int(11) NOT NULL AUTO_INCREMENT,
  `idOnworkService` int(10) unsigned NOT NULL,
  `idUser` bigint(20) unsigned DEFAULT NULL,
  PRIMARY KEY (`idOnworkServiceUser`),
  UNIQUE KEY `IdOnworkService_IdUser` (`idOnworkService`,`idUser`),
  CONSTRAINT `t_onwork_services_users_ibfk_3` FOREIGN KEY (`idOnworkService`) REFERENCES `t_onwork_services` (`idOnworkService`) ON DELETE CASCADE ON UPDATE CASCADE
) ENGINE=InnoDB DEFAULT CHARSET=utf8mb4 COLLATE=utf8mb4_unicode_ci;

INSERT INTO `t_onwork_services_users` (`idOnworkServiceUser`, `idOnworkService`, `idUser`) VALUES
(6,	1,	48176518),
(2,	2,	48176518),
(3,	3,	48176518),
(4,	4,	48176518),
(5,	5,	48176518),
(1,	6,	48176518),
(7,	7,	48176518),
(8,	8,	48176518),
(9,	9,	48176518);

DROP TABLE IF EXISTS `t_protocol`;
CREATE TABLE `t_protocol` (
  `idProtocol` int(10) unsigned NOT NULL AUTO_INCREMENT,
  `idProtocolCompany` int(10) unsigned NOT NULL,
  `protocolNumber` varchar(10) COLLATE utf8mb4_unicode_ci NOT NULL,
  `protocolDate` date NOT NULL,
  `receiptDate` date NOT NULL,
  `expiryDate` date NOT NULL,
  `idProtocolSender` int(10) unsigned NOT NULL,
  `idProtocolType` tinyint(2) unsigned NOT NULL,
  `title` varchar(100) COLLATE utf8mb4_unicode_ci NOT NULL,
  `idCreator` mediumint(8) unsigned NOT NULL DEFAULT '1',
  `created` timestamp NOT NULL DEFAULT CURRENT_TIMESTAMP,
  `idModifier` mediumint(8) unsigned DEFAULT NULL,
  `modified` timestamp NULL DEFAULT NULL,
  `canceled` timestamp NULL DEFAULT NULL,
  PRIMARY KEY (`idProtocol`),
  KEY `idProtocolCompany` (`idProtocolCompany`),
  KEY `idProtocolType` (`idProtocolType`),
  KEY `idCreator` (`idCreator`),
  KEY `idModifier` (`idModifier`),
  KEY `canceled` (`canceled`),
  KEY `idProtocolSender` (`idProtocolSender`),
  CONSTRAINT `t_protocol_ibfk_2` FOREIGN KEY (`idProtocolSender`) REFERENCES `t_protocol_registry` (`IdProtocolRegistry`),
  CONSTRAINT `t_protocol_ibfk_3` FOREIGN KEY (`idProtocolCompany`) REFERENCES `t_protocol_recipients` (`IdProtocolRegistry`)
) ENGINE=InnoDB DEFAULT CHARSET=utf8mb4 COLLATE=utf8mb4_unicode_ci;


DROP TABLE IF EXISTS `t_protocol_attachments`;
CREATE TABLE `t_protocol_attachments` (
  `idProtocolAttachments` int(10) unsigned NOT NULL AUTO_INCREMENT,
  `idProtocol` int(10) unsigned NOT NULL,
  `protocolAttachments` varchar(100) COLLATE utf8mb4_unicode_ci NOT NULL,
  `sortField` smallint(5) unsigned NOT NULL DEFAULT '0',
  `idCreator` mediumint(8) unsigned NOT NULL DEFAULT '1',
  `created` timestamp NOT NULL DEFAULT CURRENT_TIMESTAMP,
  `idModifier` mediumint(8) unsigned DEFAULT NULL,
  `modified` timestamp NULL DEFAULT NULL,
  `canceled` timestamp NULL DEFAULT NULL,
  PRIMARY KEY (`idProtocolAttachments`),
  KEY `idProtocol` (`idProtocol`),
  KEY `sortField` (`sortField`),
  KEY `idCreator` (`idCreator`),
  KEY `idModifier` (`idModifier`),
  KEY `canceled` (`canceled`),
  CONSTRAINT `t_protocol_attachments_ibfk_1` FOREIGN KEY (`idProtocol`) REFERENCES `t_protocol` (`idProtocol`)
) ENGINE=InnoDB DEFAULT CHARSET=utf8mb4 COLLATE=utf8mb4_unicode_ci;


DROP TABLE IF EXISTS `t_protocol_recipients`;
CREATE TABLE `t_protocol_recipients` (
  `idProtocolRecipient` int(10) unsigned NOT NULL AUTO_INCREMENT,
  `idProtocol` int(10) unsigned NOT NULL,
  `idProtocolRegistry` int(10) unsigned NOT NULL,
  `idCreator` mediumint(8) unsigned NOT NULL,
  `created` timestamp NOT NULL DEFAULT CURRENT_TIMESTAMP ON UPDATE CURRENT_TIMESTAMP,
  `idModifier` mediumint(8) unsigned NOT NULL,
  `modified` timestamp NOT NULL DEFAULT '0000-00-00 00:00:00',
  `canceled` timestamp NOT NULL DEFAULT '0000-00-00 00:00:00',
  PRIMARY KEY (`idProtocolRecipient`),
  KEY `idProtocol` (`idProtocol`),
  KEY `idProtocolRegistry` (`idProtocolRegistry`)
) ENGINE=InnoDB DEFAULT CHARSET=utf8mb4 COLLATE=utf8mb4_unicode_ci;


DROP TABLE IF EXISTS `t_protocol_registry`;
CREATE TABLE `t_protocol_registry` (
  `idProtocolRegistry` int(10) unsigned NOT NULL AUTO_INCREMENT,
  `idOwner` int(10) unsigned NOT NULL DEFAULT '1',
  `type` varchar(40) COLLATE utf8mb4_unicode_ci DEFAULT NULL,
  `idCreator` mediumint(8) unsigned NOT NULL DEFAULT '1',
  `created` timestamp NOT NULL DEFAULT CURRENT_TIMESTAMP,
  PRIMARY KEY (`idProtocolRegistry`),
  KEY `idCreator` (`idCreator`),
  KEY `idOwner` (`idOwner`),
  KEY `type` (`type`)
) ENGINE=InnoDB DEFAULT CHARSET=utf8mb4 COLLATE=utf8mb4_unicode_ci;


DROP TABLE IF EXISTS `t_recycle`;
CREATE TABLE `t_recycle` (
  `idRecycle` smallint(5) unsigned NOT NULL AUTO_INCREMENT,
  `schema` varchar(50) COLLATE utf8mb4_unicode_ci NOT NULL DEFAULT '',
  `tableView` varchar(50) COLLATE utf8mb4_unicode_ci NOT NULL DEFAULT '',
  `sectionName` varchar(50) COLLATE utf8mb4_unicode_ci NOT NULL DEFAULT '',
  `sortField` smallint(5) unsigned NOT NULL DEFAULT '0',
  `idCreator` mediumint(8) unsigned NOT NULL DEFAULT '1',
  `created` timestamp NOT NULL DEFAULT CURRENT_TIMESTAMP,
  `idModifier` mediumint(8) unsigned DEFAULT NULL,
  `modified` timestamp NULL DEFAULT NULL,
  PRIMARY KEY (`idRecycle`),
  KEY `sortField` (`sortField`),
  KEY `idCreator` (`idCreator`),
  KEY `idModifier` (`idModifier`)
) ENGINE=InnoDB DEFAULT CHARSET=utf8mb4 COLLATE=utf8mb4_unicode_ci;


DROP TABLE IF EXISTS `t_recycle_allowed`;
CREATE TABLE `t_recycle_allowed` (
  `idRecycleAllowed` smallint(5) unsigned NOT NULL AUTO_INCREMENT,
  `idRecycle` smallint(5) unsigned NOT NULL DEFAULT '0',
  `idAllowed` smallint(5) unsigned NOT NULL DEFAULT '0',
  `app` varchar(10) COLLATE utf8mb4_unicode_ci NOT NULL DEFAULT '',
  `idCreator` mediumint(8) unsigned NOT NULL DEFAULT '1',
  `created` timestamp NOT NULL DEFAULT CURRENT_TIMESTAMP,
  PRIMARY KEY (`idRecycleAllowed`),
  KEY `idRecycle` (`idRecycle`),
  KEY `idAllowed` (`idAllowed`),
  KEY `app` (`app`),
  KEY `idCreator` (`idCreator`),
  CONSTRAINT `t_recycle_allowed_ibfk_1` FOREIGN KEY (`idRecycle`) REFERENCES `t_recycle` (`idRecycle`) ON DELETE CASCADE ON UPDATE CASCADE
) ENGINE=InnoDB DEFAULT CHARSET=utf8mb4 COLLATE=utf8mb4_unicode_ci;


DROP TABLE IF EXISTS `t_tables`;
CREATE TABLE `t_tables` (
  `idTable` smallint(5) unsigned NOT NULL AUTO_INCREMENT,
  `dbSchema` varchar(50) COLLATE utf8mb4_unicode_ci DEFAULT NULL,
  `dbTable` varchar(50) COLLATE utf8mb4_unicode_ci DEFAULT NULL,
  `idTypeBackup` tinyint(1) NOT NULL DEFAULT '1' COMMENT '1=daily, 2=next_change',
  `lastBackup` timestamp NULL DEFAULT NULL,
  `idCicleTestFieldSize` tinyint(1) NOT NULL DEFAULT '4' COMMENT '1=daily, 2=weekly, 3=monthly, 4=yearly',
  `lastCicleTestFieldSize` timestamp NULL DEFAULT NULL,
  `lastCleanRecycle` timestamp NULL DEFAULT NULL,
  `sortField` smallint(5) unsigned NOT NULL DEFAULT '0',
  `idCreator` mediumint(8) unsigned NOT NULL DEFAULT '1',
  `created` timestamp NOT NULL DEFAULT CURRENT_TIMESTAMP,
  `idModifier` mediumint(8) unsigned DEFAULT NULL,
  `modified` timestamp NULL DEFAULT NULL,
  `deleted` timestamp NULL DEFAULT NULL,
  PRIMARY KEY (`idTable`),
  KEY `idTypeBackup` (`idTypeBackup`),
  KEY `sortField` (`sortField`),
  KEY `idCreator` (`idCreator`),
  KEY `idModifier` (`idModifier`),
  KEY `deleted` (`deleted`),
  KEY `schema` (`dbSchema`),
  KEY `table` (`dbTable`)
) ENGINE=MyISAM DEFAULT CHARSET=utf8mb4 COLLATE=utf8mb4_unicode_ci;


DROP TABLE IF EXISTS `t_tasks_list`;
CREATE TABLE `t_tasks_list` (
  `idTaskList` bigint(20) unsigned NOT NULL AUTO_INCREMENT,
  `taskTitle` varchar(255) COLLATE utf8mb4_unicode_ci NOT NULL COMMENT 'title/name of task',
  `task` text COLLATE utf8mb4_unicode_ci COMMENT 'list activities',
  `taskType` enum('createManual','createStatistics','sendNews','sendAlert','syncWiki','deleteTask') COLLATE utf8mb4_unicode_ci DEFAULT NULL,
  `taskState` enum('delayed','deleted','paused','ready','reserved','stopped') COLLATE utf8mb4_unicode_ci NOT NULL DEFAULT 'ready',
  `taskPriority` smallint(5) unsigned DEFAULT NULL,
  `taskDelayStep` smallint(5) unsigned DEFAULT NULL COMMENT 'Delay between activities',
  `taskTtr` smallint(5) unsigned DEFAULT NULL COMMENT 'Time to run',
  `taskStarting` timestamp NULL DEFAULT NULL COMMENT 'Time to start task',
  `taskEnded` timestamp NULL DEFAULT NULL COMMENT 'Ended task time ',
  `taskDelayDayDeletion` tinyint(3) unsigned NOT NULL DEFAULT '30',
  PRIMARY KEY (`idTaskList`),
  KEY `taskState` (`taskState`),
  KEY `taskPriority` (`taskPriority`)
) ENGINE=InnoDB DEFAULT CHARSET=utf8mb4 COLLATE=utf8mb4_unicode_ci;


DROP TABLE IF EXISTS `t_tasks_progress`;
CREATE TABLE `t_tasks_progress` (
  `idTaskProgress` bigint(20) unsigned NOT NULL AUTO_INCREMENT,
  `taskProgress` tinyint(3) unsigned NOT NULL DEFAULT '0',
  `taskTitle` varchar(30) COLLATE utf8mb4_unicode_ci DEFAULT NULL,
  `taskDescription` varchar(255) COLLATE utf8mb4_unicode_ci DEFAULT NULL,
  `taskStart` timestamp NOT NULL DEFAULT CURRENT_TIMESTAMP ON UPDATE CURRENT_TIMESTAMP,
  `taskEnd` timestamp NULL DEFAULT NULL,
  PRIMARY KEY (`idTaskProgress`),
  KEY `titleTask` (`taskTitle`),
  KEY `start` (`taskStart`),
  KEY `end` (`taskEnd`)
) ENGINE=InnoDB DEFAULT CHARSET=utf8mb4 COLLATE=utf8mb4_unicode_ci;


DROP TABLE IF EXISTS `t_tasks_progress_log`;
CREATE TABLE `t_tasks_progress_log` (
  `idTasksProgressLog` bigint(20) unsigned NOT NULL AUTO_INCREMENT,
  `idTaskProgress` bigint(20) unsigned NOT NULL,
  `log` varchar(255) COLLATE utf8mb4_unicode_ci DEFAULT NULL,
  `option` text COLLATE utf8mb4_unicode_ci,
  `created` timestamp NOT NULL DEFAULT CURRENT_TIMESTAMP ON UPDATE CURRENT_TIMESTAMP,
  PRIMARY KEY (`idTasksProgressLog`),
  KEY `idTaskProgress` (`idTaskProgress`),
  CONSTRAINT `t_tasks_progress_log_ibfk_1` FOREIGN KEY (`idTaskProgress`) REFERENCES `t_tasks_progress` (`idTaskProgress`) ON DELETE CASCADE ON UPDATE CASCADE
) ENGINE=InnoDB DEFAULT CHARSET=utf8mb4 COLLATE=utf8mb4_unicode_ci;


DROP TABLE IF EXISTS `t_years`;
CREATE TABLE `t_years` (
  `year` year(4) NOT NULL DEFAULT '0000',
  PRIMARY KEY (`year`)
) ENGINE=InnoDB DEFAULT CHARSET=utf8mb4 COLLATE=utf8mb4_unicode_ci;

